Datetime,close,high,low,open,volume
2025-12-04 03:45:00+00:00,59393.5,59411.3984375,59180.94921875,59280.6015625,0
2025-12-04 04:45:00+00:00,59408.80078125,59548.6015625,59390.05078125,59395.3515625,0
2025-12-04 05:45:00+00:00,59250.25,59412.1015625,59225.44921875,59410.3515625,0
2025-12-04 06:45:00+00:00,59180.1015625,59290.5,59134.8515625,59252.55078125,0
2025-12-04 07:45:00+00:00,59154.80078125,59242.69921875,59063.44921875,59179.3984375,0
2025-12-04 08:45:00+00:00,59283.44921875,59314.5,59123.75,59158.1484375,0
2025-12-04 09:45:00+00:00,59272.69921875,59335.55078125,59251.75,59280.19921875,0
2025-12-05 03:45:00+00:00,59561.80078125,59658.6484375,59138.8984375,59161.8984375,0
2025-12-05 04:45:00+00:00,59601.55078125,59677.80078125,59345.05078125,59557.1484375,0
2025-12-05 05:45:00+00:00,59520.1484375,59643.6484375,59517.05078125,59604.0,0
2025-12-05 06:45:00+00:00,59724.94921875,59762.3515625,59505.0,59518.3515625,0
2025-12-05 07:45:00+00:00,59711.3515625,59777.1015625,59629.69921875,59723.1484375,0
2025-12-05 08:45:00+00:00,59778.94921875,59799.1015625,59599.55078125,59711.6015625,0
2025-12-05 09:45:00+00:00,59735.80078125,59805.05078125,59711.30078125,59778.44921875,0
2025-12-08 03:45:00+00:00,59547.25,59711.6015625,59465.8984375,59656.25,0
2025-12-08 04:45:00+00:00,59436.8515625,59620.6484375,59396.3515625,59549.3984375,0
2025-12-08 05:45:00+00:00,59363.25,59445.30078125,59355.94921875,59435.6484375,0
2025-12-08 06:45:00+00:00,59342.25,59406.0,59232.25,59371.5,0
2025-12-08 07:45:00+00:00,59105.1015625,59344.8515625,59068.44921875,59342.3515625,0
2025-12-08 08:45:00+00:00,59249.55078125,59310.5,59031.75,59103.69921875,0
2025-12-08 09:45:00+00:00,59147.30078125,59258.3515625,59110.80078125,59248.69921875,0
2025-12-09 03:45:00+00:00,59055.1015625,59103.44921875,58887.1015625,58918.8515625,0
2025-12-09 04:45:00+00:00,59246.55078125,59263.69921875,59022.05078125,59056.0,0
2025-12-09 05:45:00+00:00,59253.44921875,59284.8515625,59102.55078125,59246.5,0
2025-12-09 06:45:00+00:00,59227.3984375,59316.69921875,59158.8984375,59249.69921875,0
2025-12-09 07:45:00+00:00,59275.8515625,59358.25,59213.6484375,59231.8515625,0
2025-12-09 08:45:00+00:00,59217.3515625,59282.8515625,59170.6015625,59273.80078125,0
2025-12-09 09:45:00+00:00,59212.1015625,59230.94921875,59187.0,59219.05078125,0
2025-12-10 03:45:00+00:00,59375.44921875,59440.1015625,59190.8984375,59277.8984375,0
2025-12-10 04:45:00+00:00,59212.8984375,59427.69921875,59147.5,59379.25,0
2025-12-10 05:45:00+00:00,59046.5,59226.1015625,58974.94921875,59214.55078125,0
2025-12-10 06:45:00+00:00,58964.80078125,59062.55078125,58895.19921875,59048.8515625,0
2025-12-10 07:45:00+00:00,58892.75,59091.8984375,58869.8515625,58963.8984375,0
2025-12-10 08:45:00+00:00,58963.69921875,59009.55078125,58856.3515625,58891.5,0
2025-12-10 09:45:00+00:00,58938.30078125,58979.5,58910.30078125,58964.94921875,0
2025-12-11 03:45:00+00:00,59082.19921875,59113.3984375,58801.55078125,58980.69921875,0
2025-12-11 04:45:00+00:00,59142.30078125,59246.8984375,59077.94921875,59083.8515625,0
2025-12-11 05:45:00+00:00,59345.5,59415.5,59130.80078125,59143.25,0
2025-12-11 06:45:00+00:00,59181.80078125,59423.3515625,59139.8984375,59352.1015625,0
2025-12-11 07:45:00+00:00,59209.30078125,59302.25,59157.8984375,59177.80078125,0
2025-12-11 08:45:00+00:00,59201.1015625,59326.05078125,59135.6484375,59209.30078125,0
2025-12-11 09:45:00+00:00,59204.6015625,59225.30078125,59177.5,59200.8984375,0
2025-12-12 03:45:00+00:00,59441.69921875,59545.19921875,59340.25,59401.5,0
2025-12-12 04:45:00+00:00,59285.3984375,59482.55078125,59225.69921875,59448.69921875,0
2025-12-12 05:45:00+00:00,59382.25,59443.8984375,59282.6015625,59285.3984375,0
2025-12-12 06:45:00+00:00,59378.69921875,59418.3984375,59315.8984375,59382.25,0
2025-12-12 07:45:00+00:00,59389.1484375,59439.94921875,59310.6015625,59378.3984375,0
2025-12-12 08:45:00+00:00,59408.1015625,59418.75,59335.6484375,59388.1015625,0
2025-12-12 09:45:00+00:00,59396.80078125,59426.1484375,59367.1484375,59405.44921875,0
2025-12-15 03:45:00+00:00,59212.25,59346.1015625,59087.94921875,59087.94921875,0
2025-12-15 04:45:00+00:00,59258.3515625,59299.0,59138.19921875,59213.8515625,0
2025-12-15 05:45:00+00:00,59459.75,59516.1015625,59223.80078125,59257.55078125,0
2025-12-15 06:45:00+00:00,59527.1015625,59532.44921875,59413.5,59462.6015625,0
2025-12-15 07:45:00+00:00,59436.80078125,59528.3515625,59405.8984375,59527.75,0
2025-12-15 08:45:00+00:00,59469.8984375,59528.8984375,59430.8984375,59437.3984375,0
2025-12-15 09:45:00+00:00,59444.69921875,59473.1015625,59414.55078125,59469.80078125,0
2025-12-16 03:45:00+00:00,59128.69921875,59334.1484375,59045.05078125,59308.80078125,0
2025-12-16 04:45:00+00:00,59084.3515625,59165.8984375,59068.30078125,59122.69921875,0
2025-12-16 05:45:00+00:00,59072.8515625,59119.75,58989.94921875,59081.80078125,0
2025-12-16 06:45:00+00:00,59053.6015625,59138.25,59025.55078125,59072.1015625,0
2025-12-16 07:45:00+00:00,59032.30078125,59169.0,59018.5,59053.5,0
2025-12-16 08:45:00+00:00,59018.80078125,59117.25,58991.6484375,59034.6015625,0
2025-12-16 09:45:00+00:00,59010.6015625,59030.5,58969.3515625,59021.3515625,0
2025-12-17 03:45:00+00:00,58956.0,59126.8984375,58894.25,59072.80078125,0
2025-12-17 04:45:00+00:00,58970.8515625,58989.3515625,58866.19921875,58959.1015625,0
2025-12-17 05:45:00+00:00,58899.55078125,59020.5,58889.94921875,58969.80078125,0
2025-12-17 06:45:00+00:00,58847.8515625,58951.69921875,58841.1015625,58901.0,0
2025-12-17 07:45:00+00:00,58863.8984375,58945.80078125,58801.5,58847.0,0
2025-12-17 08:45:00+00:00,58921.6484375,58954.30078125,58855.8515625,58865.6015625,0
2025-12-17 09:45:00+00:00,58961.5,58988.8515625,58892.94921875,58921.05078125,0
2025-12-18 03:45:00+00:00,58989.80078125,59003.80078125,58737.6484375,58861.8984375,0
2025-12-18 04:45:00+00:00,59099.3984375,59173.55078125,58980.1015625,58992.44921875,0
2025-12-18 05:45:00+00:00,59166.6484375,59173.55078125,59049.25,59096.75,0
2025-12-18 06:45:00+00:00,59112.19921875,59210.3515625,59103.05078125,59166.30078125,0
2025-12-18 07:45:00+00:00,58961.94921875,59126.3984375,58950.75,59114.75,0
2025-12-18 08:45:00+00:00,58933.8984375,59001.8984375,58882.1484375,58962.94921875,0
2025-12-18 09:45:00+00:00,58905.25,58938.69921875,58877.55078125,58932.94921875,0
2025-12-19 03:45:00+00:00,59018.05078125,59132.30078125,58971.25,59047.3984375,0
2025-12-19 04:45:00+00:00,59009.6015625,59121.1484375,58977.94921875,59018.1484375,0
2025-12-19 05:45:00+00:00,59007.5,59042.3515625,58897.75,59009.5,0
2025-12-19 06:45:00+00:00,58952.1484375,59035.6484375,58924.5,59010.1484375,0
2025-12-19 07:45:00+00:00,59070.25,59125.25,58935.8515625,58949.75,0
2025-12-19 08:45:00+00:00,59080.0,59138.94921875,59047.44921875,59069.55078125,0
2025-12-19 09:45:00+00:00,59046.80078125,59083.0,59026.69921875,59080.80078125,0
2025-12-22 03:45:00+00:00,59307.8515625,59371.1015625,59158.8984375,59224.75,0
2025-12-22 04:45:00+00:00,59239.44921875,59318.8515625,59226.80078125,59307.3984375,0
2025-12-22 05:45:00+00:00,59281.19921875,59312.8984375,59232.75,59238.19921875,0
2025-12-22 06:45:00+00:00,59265.6015625,59312.44921875,59183.6015625,59280.19921875,0
2025-12-22 07:45:00+00:00,59283.1484375,59324.5,59249.94921875,59273.80078125,0
2025-12-22 08:45:00+00:00,59313.5,59339.44921875,59245.44921875,59284.19921875,0
2025-12-22 09:45:00+00:00,59284.1015625,59316.05078125,59274.25,59314.05078125,0
2025-12-23 03:45:00+00:00,59361.5,59398.3984375,59217.80078125,59346.5,0
2025-12-23 04:45:00+00:00,59319.8984375,59368.05078125,59278.8515625,59361.5,0
2025-12-23 05:45:00+00:00,59275.0,59338.25,59230.80078125,59321.8984375,0
2025-12-23 06:45:00+00:00,59303.1484375,59325.55078125,59230.3984375,59278.19921875,0
2025-12-23 07:45:00+00:00,59329.94921875,59346.0,59290.30078125,59303.44921875,0
2025-12-23 08:45:00+00:00,59328.69921875,59370.1484375,59255.19921875,59330.8515625,0
2025-12-23 09:45:00+00:00,59276.55078125,59331.25,59255.3984375,59325.44921875,0
2025-12-24 03:45:00+00:00,59416.69921875,59476.6484375,59251.8515625,59366.0,0
2025-12-24 04:45:00+00:00,59398.55078125,59452.69921875,59359.25,59413.1484375,0
2025-12-24 05:45:00+00:00,59343.3515625,59411.94921875,59319.1015625,59396.8984375,0
2025-12-24 06:45:00+00:00,59251.44921875,59364.5,59239.8515625,59336.80078125,0
2025-12-24 07:45:00+00:00,59201.55078125,59254.0,59163.75,59252.75,0
2025-12-24 08:45:00+00:00,59201.75,59255.55078125,59161.75,59207.80078125,0
2025-12-24 09:45:00+00:00,59150.80078125,59211.0,59119.0,59202.30078125,0
2025-12-26 03:45:00+00:00,59115.30078125,59178.30078125,59077.6484375,59094.44921875,0
2025-12-26 04:45:00+00:00,59078.75,59165.30078125,59071.19921875,59110.69921875,0
2025-12-26 05:45:00+00:00,59045.8515625,59086.30078125,58994.05078125,59078.69921875,0
2025-12-26 06:45:00+00:00,59034.1484375,59073.30078125,58983.44921875,59043.80078125,0
2025-12-26 07:45:00+00:00,59011.8515625,59065.05078125,58998.6484375,59033.25,0
2025-12-26 08:45:00+00:00,59011.55078125,59039.5,58947.05078125,59009.5,0
2025-12-26 09:45:00+00:00,58994.44921875,59033.0,58970.44921875,59014.5,0
2025-12-29 03:45:00+00:00,58979.55078125,59136.25,58918.8984375,59012.25,0
2025-12-29 04:45:00+00:00,58869.6015625,58986.6484375,58857.8984375,58971.6484375,0
2025-12-29 05:45:00+00:00,58841.94921875,58880.3984375,58810.80078125,58871.05078125,0
2025-12-29 06:45:00+00:00,58855.5,58893.80078125,58813.6015625,58838.1015625,0
2025-12-29 07:45:00+00:00,58917.1484375,58968.1015625,58811.1015625,58858.1015625,0
2025-12-29 08:45:00+00:00,58928.5,58997.1015625,58872.19921875,58909.8984375,0
2025-12-29 09:45:00+00:00,58953.94921875,58963.3984375,58916.75,58923.5,0
2025-12-30 03:45:00+00:00,58944.6484375,58964.05078125,58737.94921875,58903.80078125,0
2025-12-30 04:45:00+00:00,58924.3984375,59075.5,58883.3515625,58943.05078125,0
2025-12-30 05:45:00+00:00,58872.05078125,58993.6015625,58860.55078125,58925.1484375,0
2025-12-30 06:45:00+00:00,58922.8984375,58976.1484375,58864.80078125,58875.44921875,0
2025-12-30 07:45:00+00:00,59087.75,59114.25,58914.75,58923.94921875,0
2025-12-30 08:45:00+00:00,59196.0,59250.1015625,59018.55078125,59087.3515625,0
2025-12-30 09:45:00+00:00,59253.94921875,59272.69921875,59156.3984375,59198.1015625,0
2025-12-31 03:45:00+00:00,59347.1015625,59413.55078125,59194.6015625,59194.6015625,0
2025-12-31 04:45:00+00:00,59453.19921875,59495.75,59313.69921875,59349.3984375,0
2025-12-31 05:45:00+00:00,59514.6015625,59525.3984375,59400.3515625,59450.8515625,0
2025-12-31 06:45:00+00:00,59703.80078125,59742.3515625,59511.1015625,59514.1015625,0
2025-12-31 07:45:00+00:00,59729.94921875,59747.80078125,59616.69921875,59705.5,0
2025-12-31 08:45:00+00:00,59584.55078125,59764.80078125,59541.8515625,59727.25,0
2025-12-31 09:45:00+00:00,59619.3515625,59637.19921875,59557.80078125,59587.0,0
2026-01-01 03:45:00+00:00,59658.19921875,59719.1015625,59569.6484375,59672.30078125,0
2026-01-01 04:45:00+00:00,59714.8515625,59742.69921875,59573.1015625,59661.05078125,0
2026-01-01 05:45:00+00:00,59628.3984375,59738.30078125,59624.44921875,59714.8984375,0
2026-01-01 06:45:00+00:00,59680.3984375,59699.6015625,59600.8984375,59628.0,0
2026-01-01 07:45:00+00:00,59712.80078125,59727.1015625,59628.3515625,59680.80078125,0
2026-01-01 08:45:00+00:00,59691.1015625,59735.80078125,59668.5,59711.94921875,0
2026-01-01 09:45:00+00:00,59707.55078125,59721.75,59670.19921875,59686.6015625,0
2026-01-02 03:45:00+00:00,60015.6484375,60062.55078125,59746.1484375,59757.3984375,0
2026-01-02 04:45:00+00:00,60015.05078125,60033.69921875,59978.05078125,60013.8515625,0
2026-01-02 05:45:00+00:00,60145.3984375,60147.19921875,59994.8515625,60011.05078125,0
2026-01-02 06:45:00+00:00,60106.25,60152.1484375,60066.75,60143.8984375,0
2026-01-02 07:45:00+00:00,60104.8984375,60150.6015625,60078.8515625,60106.30078125,0
2026-01-02 08:45:00+00:00,60110.8515625,60133.1484375,59978.1484375,60105.94921875,0
2026-01-02 09:45:00+00:00,60174.75,60200.05078125,60102.3515625,60107.3515625,0
2026-01-05 03:45:00+00:00,60345.6015625,60430.94921875,60124.0,60378.8515625,0
2026-01-05 04:45:00+00:00,60314.55078125,60357.0,60270.80078125,60341.94921875,0
2026-01-05 05:45:00+00:00,60250.55078125,60319.75,60184.5,60314.6484375,0
2026-01-05 06:45:00+00:00,60131.94921875,60272.19921875,60127.1484375,60253.25,0
2026-01-05 07:45:00+00:00,59907.19921875,60151.6015625,59862.6484375,60127.6015625,0
2026-01-05 08:45:00+00:00,60051.25,60125.1015625,59887.19921875,59908.3984375,0
2026-01-05 09:45:00+00:00,60055.5,60056.05078125,59988.44921875,60052.55078125,0
2026-01-06 03:45:00+00:00,60276.75,60301.8515625,59862.75,59960.1015625,0
2026-01-06 04:45:00+00:00,60226.75,60304.6484375,60193.44921875,60274.8515625,0
2026-01-06 05:45:00+00:00,60230.0,60260.6015625,60090.3984375,60226.69921875,0
2026-01-06 06:45:00+00:00,60197.1484375,60251.80078125,60121.1015625,60228.30078125,0
2026-01-06 07:45:00+00:00,60076.6015625,60198.05078125,60053.80078125,60193.69921875,0
2026-01-06 08:45:00+00:00,60136.80078125,60143.0,60006.1484375,60076.44921875,0
2026-01-06 09:45:00+00:00,60115.8515625,60141.3515625,60100.6484375,60134.8984375,0
2026-01-07 03:45:00+00:00,59912.44921875,60046.5,59862.75,60039.69921875,0
2026-01-07 04:45:00+00:00,59987.05078125,60027.8984375,59864.6015625,59910.3984375,0
2026-01-07 05:45:00+00:00,59906.80078125,60064.75,59896.1015625,59989.30078125,0
2026-01-07 06:45:00+00:00,59895.19921875,59938.6015625,59842.8984375,59908.1015625,0
2026-01-07 07:45:00+00:00,59834.55078125,59900.3984375,59766.1015625,59895.05078125,0
2026-01-07 08:45:00+00:00,60017.5,60026.0,59822.19921875,59833.80078125,0
2026-01-07 09:45:00+00:00,59976.8515625,60026.0,59959.80078125,60017.8984375,0
2026-01-08 03:45:00+00:00,59959.55078125,60112.69921875,59856.8515625,59869.75,0
2026-01-08 04:45:00+00:00,59783.6015625,60022.6015625,59750.3515625,59961.75,0
2026-01-08 05:45:00+00:00,59701.1484375,59805.1484375,59568.19921875,59786.30078125,0
2026-01-08 06:45:00+00:00,59716.75,59745.6484375,59608.30078125,59697.44921875,0
2026-01-08 07:45:00+00:00,59779.25,59781.75,59635.44921875,59713.6484375,0
2026-01-08 08:45:00+00:00,59688.30078125,59827.6015625,59670.1015625,59777.94921875,0
2026-01-08 09:45:00+00:00,59676.69921875,59691.6015625,59621.8984375,59688.3515625,0
2026-01-09 03:45:00+00:00,59542.75,59739.6484375,59409.1484375,59592.1015625,0
2026-01-09 04:45:00+00:00,59428.5,59625.1484375,59420.1484375,59544.6015625,0
2026-01-09 05:45:00+00:00,59352.5,59486.25,59344.8984375,59434.19921875,0
2026-01-09 06:45:00+00:00,59273.94921875,59388.3984375,59229.75,59353.05078125,0
2026-01-09 07:45:00+00:00,59205.6015625,59329.1015625,59197.44921875,59272.80078125,0
2026-01-09 08:45:00+00:00,59268.44921875,59309.69921875,59155.69921875,59208.75,0
2026-01-09 09:45:00+00:00,59269.3515625,59273.1484375,59215.44921875,59270.6015625,0
2026-01-12 03:45:00+00:00,59043.25,59311.55078125,58983.55078125,59186.6015625,0
2026-01-12 04:45:00+00:00,59013.44921875,59177.69921875,59010.1015625,59043.05078125,0
2026-01-12 05:45:00+00:00,59072.0,59072.8515625,58864.6484375,59014.6484375,0
2026-01-12 06:45:00+00:00,59498.3515625,59540.3515625,59046.75,59074.55078125,0
2026-01-12 07:45:00+00:00,59408.80078125,59521.6015625,59394.1484375,59494.30078125,0
2026-01-12 08:45:00+00:00,59424.05078125,59507.0,59303.75,59409.19921875,0
2026-01-12 09:45:00+00:00,59534.05078125,59534.6015625,59422.8984375,59423.25,0
2026-01-13 03:45:00+00:00,59552.8515625,59767.55078125,59464.5,59767.55078125,0
2026-01-13 04:45:00+00:00,59664.19921875,59697.75,59530.1484375,59552.8515625,0
2026-01-13 05:45:00+00:00,59667.0,59728.6484375,59622.3984375,59663.25,0
2026-01-13 07:45:00+00:00,59343.30078125,59495.19921875,59315.44921875,59413.69921875,0
2026-01-13 08:45:00+00:00,59575.8984375,59652.80078125,59315.55078125,59343.19921875,0
2026-01-13 09:45:00+00:00,59542.3515625,59607.75,59535.69921875,59574.3984375,0
2026-01-14 03:45:00+00:00,59483.8515625,59666.44921875,59327.6015625,59327.6015625,0
2026-01-14 04:45:00+00:00,59575.0,59596.05078125,59364.94921875,59483.30078125,0
2026-01-14 05:45:00+00:00,59577.0,59708.6015625,59553.5,59577.1015625,0
2026-01-14 06:45:00+00:00,59734.8984375,59750.75,59549.05078125,59578.19921875,0
2026-01-14 07:45:00+00:00,59627.30078125,59796.1015625,59543.8515625,59730.75,0
2026-01-14 08:45:00+00:00,59564.69921875,59717.0,59457.0,59629.8984375,0
2026-01-14 09:45:00+00:00,59575.80078125,59586.25,59546.30078125,59580.6015625,0
2026-01-16 03:45:00+00:00,60008.44921875,60026.3984375,59517.8515625,59590.3515625,0
2026-01-16 04:45:00+00:00,60022.8984375,60159.80078125,59993.0,60006.8515625,0
2026-01-16 05:45:00+00:00,60084.3515625,60118.69921875,59998.44921875,60021.1484375,0
2026-01-16 06:45:00+00:00,59980.5,60094.8515625,59899.1015625,60085.1015625,0
2026-01-16 07:45:00+00:00,60035.75,60083.3984375,59916.75,59981.0,0
2026-01-16 08:45:00+00:00,60074.69921875,60120.5,59999.69921875,60035.75,0
2026-01-16 09:45:00+00:00,60110.5,60139.75,60058.5,60075.69921875,0
2026-01-19 03:45:00+00:00,59668.8515625,60093.30078125,59595.05078125,60093.30078125,0
2026-01-19 04:45:00+00:00,59721.94921875,59809.30078125,59655.8515625,59664.5,0
2026-01-19 05:45:00+00:00,59769.6484375,59802.30078125,59681.1484375,59724.6015625,0
2026-01-19 06:45:00+00:00,59857.6484375,59903.44921875,59766.1484375,59770.1015625,0
2026-01-19 07:45:00+00:00,59849.1015625,59989.25,59774.1015625,59852.69921875,0
2026-01-19 08:45:00+00:00,59910.5,59974.80078125,59834.25,59848.55078125,0
2026-01-19 09:45:00+00:00,59829.8984375,59919.3984375,59798.44921875,59910.80078125,0
2026-01-20 03:45:00+00:00,59666.6484375,59990.44921875,59624.44921875,59844.8515625,0
2026-01-20 04:45:00+00:00,59697.8984375,59760.94921875,59630.5,59672.6015625,0
2026-01-20 05:45:00+00:00,59702.1015625,59840.1015625,59667.25,59696.6015625,0
2026-01-20 06:45:00+00:00,59674.94921875,59727.1015625,59623.1015625,59706.19921875,0
2026-01-20 07:45:00+00:00,59488.1015625,59718.05078125,59483.6015625,59674.80078125,0
2026-01-20 08:45:00+00:00,59385.5,59600.8515625,59385.5,59488.6484375,0
2026-01-20 09:45:00+00:00,59372.30078125,59452.0,59288.5,59388.44921875,0
2026-01-21 03:45:00+00:00,58983.25,59444.3984375,58971.1484375,59142.0,0
2026-01-21 04:45:00+00:00,58630.69921875,58992.30078125,58278.6484375,58976.6015625,0
2026-01-21 05:45:00+00:00,58773.75,58778.19921875,58514.44921875,58629.3984375,0
2026-01-21 06:45:00+00:00,59019.8984375,59270.19921875,58671.0,58773.6484375,0
2026-01-21 07:45:00+00:00,58764.05078125,59065.8984375,58735.19921875,59027.30078125,0
2026-01-21 08:45:00+00:00,58778.44921875,58922.55078125,58732.30078125,58768.3515625,0
2026-01-21 09:45:00+00:00,58741.19921875,58821.0,58728.1015625,58776.3515625,0
2026-01-22 03:45:00+00:00,59333.30078125,59572.5,59098.69921875,59230.75,0
2026-01-22 04:45:00+00:00,58904.5,59353.19921875,58863.94921875,59332.75,0
2026-01-22 05:45:00+00:00,58989.6484375,59067.25,58825.94921875,58904.1484375,0
2026-01-22 06:45:00+00:00,58957.19921875,59151.55078125,58899.0,58990.69921875,0
2026-01-22 07:45:00+00:00,59015.6484375,59132.6484375,58927.25,58956.3984375,0
2026-01-22 08:45:00+00:00,59215.0,59238.05078125,58979.6484375,59015.05078125,0
2026-01-22 09:45:00+00:00,59257.55078125,59310.3515625,59207.55078125,59211.94921875,0
2026-01-23 03:45:00+00:00,59082.0,59382.69921875,59028.19921875,59304.3515625,0
2026-01-23 04:45:00+00:00,59209.19921875,59242.80078125,59032.80078125,59086.44921875,0
2026-01-23 05:45:00+00:00,58931.6484375,59215.3515625,58897.80078125,59207.8984375,0
2026-01-23 06:45:00+00:00,58986.69921875,59124.6484375,58927.8515625,58927.8515625,0
2026-01-23 07:45:00+00:00,58537.19921875,58993.94921875,58517.05078125,58987.3515625,0
2026-01-23 08:45:00+00:00,58517.05078125,58655.3984375,58446.3984375,58539.8984375,0
2026-01-23 09:45:00+00:00,58501.1015625,58554.1015625,58347.44921875,58518.5,0
2026-01-27 03:45:00+00:00,58680.94921875,58700.6484375,58124.3515625,58366.05078125,0
2026-01-27 04:45:00+00:00,58561.3515625,58774.8515625,58375.55078125,58683.80078125,0
2026-01-27 05:45:00+00:00,58741.05078125,58858.44921875,58534.6484375,58562.05078125,0
2026-01-27 06:45:00+00:00,58723.94921875,58793.25,58589.25,58743.3984375,0
2026-01-27 07:45:00+00:00,58724.44921875,58824.1484375,58620.75,58719.6015625,0
2026-01-27 08:45:00+00:00,59153.44921875,59218.8515625,58683.55078125,58724.80078125,0
2026-01-27 09:45:00+00:00,59348.25,59433.80078125,59148.25,59150.80078125,0
2026-01-28 03:45:00+00:00,59446.75,59657.3984375,59402.80078125,59562.05078125,0
2026-01-28 04:45:00+00:00,59568.8515625,59626.1484375,59391.1484375,59447.44921875,0
2026-01-28 05:45:00+00:00,59554.8515625,59699.44921875,59532.19921875,59570.25,0
2026-01-28 06:45:00+00:00,59512.69921875,59570.3515625,59438.3984375,59554.8515625,0
2026-01-28 07:45:00+00:00,59304.3984375,59563.1484375,59246.55078125,59514.5,0
2026-01-28 08:45:00+00:00,59574.3515625,59624.25,59246.0,59304.25,0
2026-01-28 09:45:00+00:00,59574.80078125,59619.75,59551.69921875,59571.69921875,0
2026-01-29 03:45:00+00:00,59558.94921875,59602.8515625,59355.8984375,59463.3984375,0
2026-01-29 04:45:00+00:00,59697.6484375,59717.55078125,59493.75,59560.0,0
2026-01-29 05:45:00+00:00,59718.1015625,59763.8515625,59611.3984375,59696.3984375,0
2026-01-29 06:45:00+00:00,59864.3984375,59918.1484375,59705.8515625,59718.75,0
2026-01-29 07:45:00+00:00,59942.30078125,59975.1015625,59778.55078125,59870.05078125,0
2026-01-29 08:45:00+00:00,59909.05078125,60058.55078125,59884.0,59943.0,0
2026-01-29 09:45:00+00:00,59980.3984375,60017.19921875,59883.44921875,59903.8984375,0
2026-01-30 03:45:00+00:00,59894.6015625,59894.69921875,59564.8984375,59584.25,0
2026-01-30 04:45:00+00:00,59752.75,59905.6484375,59731.8515625,59894.0,0
2026-01-30 05:45:00+00:00,59815.19921875,59853.25,59685.69921875,59752.75,0
2026-01-30 06:45:00+00:00,59604.25,59864.5,59602.69921875,59814.6484375,0
2026-01-30 07:45:00+00:00,59777.75,59804.6015625,59505.25,59603.19921875,0
2026-01-30 08:45:00+00:00,59614.05078125,59782.55078125,59579.05078125,59777.8984375,0
2026-01-30 09:45:00+00:00,59557.6484375,59687.8984375,59557.6484375,59612.3984375,0
2026-02-03 03:45:00+00:00,59891.80078125,61702.1015625,59794.30078125,61379.8984375,0
2026-02-03 04:45:00+00:00,60129.30078125,60228.80078125,59896.30078125,59896.30078125,0
2026-02-03 05:45:00+00:00,60165.1484375,60264.1484375,60116.1484375,60129.8984375,0
2026-02-03 06:45:00+00:00,60136.55078125,60185.55078125,60049.6484375,60164.8515625,0
2026-02-03 07:45:00+00:00,60165.69921875,60191.8515625,60030.8515625,60134.1484375,0
2026-02-03 08:45:00+00:00,60035.19921875,60184.75,59973.94921875,60168.80078125,0
2026-02-03 09:45:00+00:00,59986.69921875,60107.94921875,59972.3984375,60031.80078125,0
2026-02-04 03:45:00+00:00,60264.3984375,60326.05078125,59906.8984375,60094.3984375,0
2026-02-04 04:45:00+00:00,60200.69921875,60283.5,60137.55078125,60265.8515625,0
2026-02-04 05:45:00+00:00,60235.8984375,60247.8515625,60136.30078125,60201.3984375,0
2026-02-04 06:45:00+00:00,60196.30078125,60254.3984375,60102.0,60235.3515625,0
2026-02-04 07:45:00+00:00,60329.0,60329.0,60176.94921875,60197.19921875,0
2026-02-04 08:45:00+00:00,60269.8984375,60389.3984375,60242.6015625,60325.44921875,0
2026-02-04 09:45:00+00:00,60148.1015625,60288.5,60135.30078125,60271.3515625,0
2026-02-05 03:45:00+00:00,60170.55078125,60326.69921875,60064.80078125,60275.44921875,0
2026-02-05 04:45:00+00:00,60072.94921875,60250.8984375,59991.75,60170.05078125,0
2026-02-05 05:45:00+00:00,60013.3984375,60107.75,60006.3515625,60070.05078125,0
2026-02-05 06:45:00+00:00,60005.3984375,60049.1484375,59965.1484375,60015.75,0
2026-02-05 07:45:00+00:00,59950.69921875,60069.1484375,59913.6015625,60005.80078125,0
2026-02-05 08:45:00+00:00,60082.44921875,60121.55078125,59882.19921875,59951.1484375,0
2026-02-05 09:45:00+00:00,60055.25,60087.1484375,60007.0,60083.55078125,0
2026-02-06 03:45:00+00:00,59915.8515625,60118.3984375,59873.94921875,59999.6015625,0
2026-02-06 04:45:00+00:00,59818.8984375,60002.1015625,59645.1015625,59916.94921875,0
2026-02-06 05:45:00+00:00,59887.55078125,60011.69921875,59769.94921875,59817.8515625,0
2026-02-06 06:45:00+00:00,59795.94921875,59897.94921875,59717.8984375,59890.55078125,0
2026-02-06 07:45:00+00:00,59946.1484375,60004.5,59768.25,59796.6484375,0
2026-02-06 08:45:00+00:00,60132.3984375,60143.30078125,59927.6484375,59946.6015625,0
2026-02-06 09:45:00+00:00,60112.80078125,60149.8515625,60078.5,60130.80078125,0
2026-02-09 03:45:00+00:00,60643.8515625,60827.75,60501.30078125,60796.44921875,0
2026-02-09 04:45:00+00:00,60654.0,60712.69921875,60572.6484375,60638.8984375,0
2026-02-09 05:45:00+00:00,60629.69921875,60677.80078125,60604.75,60654.0,0
2026-02-09 06:45:00+00:00,60587.8515625,60650.1484375,60516.19921875,60630.8515625,0
2026-02-09 07:45:00+00:00,60593.5,60616.6484375,60543.8984375,60588.75,0
2026-02-09 08:45:00+00:00,60665.75,60685.19921875,60581.69921875,60593.80078125,0
2026-02-09 09:45:00+00:00,60666.80078125,60700.3515625,60638.25,60665.8515625,0
2026-02-10 03:45:00+00:00,60682.44921875,60760.6015625,60598.30078125,60715.6484375,0
2026-02-10 04:45:00+00:00,60751.1484375,60786.1484375,60673.69921875,60682.80078125,0
2026-02-10 05:45:00+00:00,60732.3984375,60763.3984375,60701.69921875,60753.1484375,0
2026-02-10 06:45:00+00:00,60771.5,60797.30078125,60712.80078125,60732.30078125,0
2026-02-10 07:45:00+00:00,60645.1015625,60781.8984375,60534.19921875,60769.75,0
2026-02-10 08:45:00+00:00,60634.3984375,60709.44921875,60607.19921875,60647.05078125,0
2026-02-10 09:45:00+00:00,60568.25,60655.1484375,60550.8515625,60633.30078125,0
2026-02-11 03:45:00+00:00,60504.6015625,60716.6015625,60447.8984375,60716.6015625,0
2026-02-11 04:45:00+00:00,60671.1015625,60695.6484375,60493.3515625,60503.05078125,0
2026-02-11 05:45:00+00:00,60651.0,60749.25,60637.0,60673.75,0
2026-02-11 06:45:00+00:00,60660.75,60704.55078125,60613.80078125,60650.94921875,0
2026-02-11 07:45:00+00:00,60736.3515625,60750.8515625,60655.3515625,60663.3515625,0
2026-02-11 08:45:00+00:00,60773.6484375,60778.19921875,60679.94921875,60736.3515625,0
2026-02-11 09:45:00+00:00,60743.94921875,60777.30078125,60717.3984375,60777.30078125,0
2026-02-12 03:45:00+00:00,60843.05078125,60854.8515625,60681.94921875,60766.8984375,0
2026-02-12 04:45:00+00:00,60819.1484375,60863.1484375,60772.1015625,60852.3515625,0
2026-02-12 05:45:00+00:00,60711.05078125,60819.80078125,60685.8984375,60816.69921875,0
2026-02-12 06:45:00+00:00,60782.44921875,60827.5,60703.6484375,60711.80078125,0
2026-02-12 07:45:00+00:00,60779.3984375,60844.80078125,60728.6015625,60784.6484375,0
2026-02-12 08:45:00+00:00,60750.6015625,60818.55078125,60598.3515625,60784.75,0
2026-02-12 09:45:00+00:00,60707.80078125,60761.94921875,60696.3515625,60749.55078125,0
2026-02-13 03:45:00+00:00,60421.0,60609.05078125,60418.3515625,60503.0,0
2026-02-13 04:45:00+00:00,60314.6015625,60462.1015625,60273.19921875,60420.69921875,0
2026-02-13 05:45:00+00:00,60301.94921875,60323.80078125,60253.3515625,60315.0,0
2026-02-13 06:45:00+00:00,60352.05078125,60409.3984375,60271.1484375,60301.30078125,0
2026-02-13 07:45:00+00:00,60297.1484375,60360.5,60234.0,60351.1484375,0
2026-02-13 08:45:00+00:00,60247.8515625,60311.94921875,60242.8515625,60300.94921875,0
2026-02-13 09:45:00+00:00,60169.69921875,60263.25,60113.5,60242.3515625,0
2026-02-16 03:45:00+00:00,60440.1484375,60440.1484375,59896.30078125,59932.69921875,0
2026-02-16 04:45:00+00:00,60429.19921875,60474.44921875,60353.75,60439.44921875,0
2026-02-16 05:45:00+00:00,60477.30078125,60496.5,60374.0,60431.3515625,0
2026-02-16 06:45:00+00:00,60703.5,60751.1015625,60457.8984375,60478.3515625,0
2026-02-16 07:45:00+00:00,60782.80078125,60807.0,60668.3984375,60705.3984375,0
2026-02-16 08:45:00+00:00,60931.5,60988.8984375,60771.6484375,60777.6484375,0
2026-02-16 09:45:00+00:00,60993.8515625,61010.5,60913.6484375,60933.94921875,0
2026-02-17 03:45:00+00:00,60878.19921875,60879.6484375,60561.44921875,60838.55078125,0
2026-02-17 04:45:00+00:00,61029.8984375,61177.19921875,60863.6015625,60878.6484375,0
2026-02-17 05:45:00+00:00,61137.5,61162.8515625,61000.8515625,61029.55078125,0
2026-02-17 06:45:00+00:00,61151.44921875,61195.8515625,61080.05078125,61138.1015625,0
2026-02-17 07:45:00+00:00,61054.25,61238.1484375,61044.3984375,61151.8515625,0
2026-02-17 08:45:00+00:00,61158.1484375,61206.75,61034.75,61052.30078125,0
2026-02-17 09:45:00+00:00,61144.1484375,61200.3515625,61133.05078125,61158.1015625,0
2026-02-18 03:45:00+00:00,61222.3515625,61309.30078125,61107.25,61254.30078125,0
2026-02-18 04:45:00+00:00,61229.30078125,61278.3984375,61177.25,61228.3515625,0
2026-02-18 05:45:00+00:00,61285.19921875,61295.8984375,61174.6484375,61230.6015625,0
2026-02-18 06:45:00+00:00,61342.5,61356.55078125,61253.44921875,61284.6015625,0
2026-02-18 07:45:00+00:00,61374.94921875,61381.5,61246.30078125,61343.44921875,0
2026-02-18 08:45:00+00:00,61554.30078125,61596.1015625,61361.6484375,61375.1015625,0
2026-02-18 09:45:00+00:00,61520.3984375,61571.8515625,61520.3984375,61552.8984375,0
2026-02-19 03:45:00+00:00,61378.3515625,61668.5,61370.5,61662.75,0
2026-02-19 04:45:00+00:00,61322.1484375,61403.6484375,61255.8515625,61378.8984375,0
2026-02-19 05:45:00+00:00,61069.80078125,61341.1015625,61066.69921875,61321.6015625,0
2026-02-19 06:45:00+00:00,61098.6484375,61156.6015625,60959.6015625,61066.5,0
2026-02-19 07:45:00+00:00,60986.30078125,61116.5,60913.6015625,61096.6484375,0
2026-02-19 08:45:00+00:00,60723.6484375,61061.0,60713.80078125,60988.30078125,0
2026-02-19 09:45:00+00:00,60660.75,60741.1484375,60592.8984375,60729.1015625,0
2026-02-20 03:45:00+00:00,61006.6015625,61111.55078125,60573.6015625,60643.80078125,0
2026-02-20 04:45:00+00:00,61107.8984375,61214.3515625,61003.1015625,61006.44921875,0
2026-02-20 05:45:00+00:00,61176.55078125,61224.1015625,61116.3515625,61116.3515625,0
2026-02-20 06:45:00+00:00,61030.30078125,61360.5,60961.25,61178.05078125,0
2026-02-20 07:45:00+00:00,61245.44921875,61263.3984375,60987.30078125,61029.55078125,0
2026-02-20 08:45:00+00:00,61176.3515625,61320.6484375,61136.1484375,61248.1484375,0
2026-02-20 09:45:00+00:00,61140.3515625,61204.44921875,61096.1484375,61176.1484375,0
2026-02-23 03:45:00+00:00,61300.3984375,61516.19921875,61071.8515625,61152.19921875,0
2026-02-23 04:45:00+00:00,61284.1015625,61360.75,61116.1484375,61301.3984375,0
2026-02-23 05:45:00+00:00,61152.6015625,61287.5,61101.6484375,61278.25,0
2026-02-23 06:45:00+00:00,61075.8984375,61208.8984375,61053.1015625,61152.69921875,0
2026-02-23 07:45:00+00:00,61081.80078125,61194.55078125,61029.6484375,61080.19921875,0
2026-02-23 08:45:00+00:00,61268.75,61291.3515625,61060.75,61078.8984375,0
2026-02-23 09:45:00+00:00,61275.0,61305.8515625,61242.5,61269.25,0
2026-02-24 03:45:00+00:00,61211.19921875,61337.1015625,61129.6015625,61288.6484375,0
2026-02-24 04:45:00+00:00,61286.44921875,61316.8515625,61175.3515625,61204.8515625,0
2026-02-24 05:45:00+00:00,61222.69921875,61434.30078125,61184.44921875,61288.6484375,0
2026-02-24 06:45:00+00:00,61047.05078125,61225.44921875,60926.0,61225.3515625,0
2026-02-24 07:45:00+00:00,61118.8515625,61120.1015625,60803.55078125,61047.1484375,0
2026-02-24 08:45:00+00:00,61024.44921875,61156.6484375,60939.1015625,61118.80078125,0
2026-02-24 09:45:00+00:00,61072.44921875,61117.6484375,61018.44921875,61025.5,0
2026-02-25 03:45:00+00:00,61231.44921875,61317.1015625,61145.5,61167.05078125,0
2026-02-25 04:45:00+00:00,61130.8984375,61300.25,61084.44921875,61231.8515625,0
2026-02-25 05:45:00+00:00,61087.3515625,61160.1015625,61067.75,61129.80078125,0
2026-02-25 06:45:00+00:00,60891.44921875,61151.69921875,60834.1484375,61085.30078125,0
2026-02-25 07:45:00+00:00,60897.5,60977.44921875,60817.6484375,60894.69921875,0
2026-02-25 08:45:00+00:00,61039.75,61103.75,60886.6015625,60897.5,0
2026-02-25 09:45:00+00:00,61012.3515625,61067.6015625,60997.1015625,61039.3984375,0
2026-02-26 03:45:00+00:00,61159.30078125,61249.0,61063.05078125,61174.6015625,0
2026-02-26 04:45:00+00:00,61088.75,61170.3984375,61027.6484375,61160.0,0
2026-02-26 05:45:00+00:00,60957.3515625,61146.6015625,60955.6484375,61091.6015625,0
2026-02-26 06:45:00+00:00,60888.80078125,60985.0,60813.8984375,60966.19921875,0
2026-02-26 07:45:00+00:00,60958.1015625,60989.19921875,60862.75,60889.5,0
2026-02-26 08:45:00+00:00,61187.30078125,61284.6484375,60932.1015625,60964.25,0
2026-02-26 09:45:00+00:00,61097.0,61219.94921875,61064.30078125,61190.05078125,0
2026-02-27 03:45:00+00:00,60717.44921875,61082.44921875,60686.75,61082.44921875,0
2026-02-27 04:45:00+00:00,60773.0,60838.0,60665.0,60714.05078125,0
2026-02-27 05:45:00+00:00,60719.1484375,60818.0,60635.0,60776.69921875,0
2026-02-27 06:45:00+00:00,60715.6484375,60776.30078125,60675.6015625,60716.94921875,0
2026-02-27 07:45:00+00:00,60780.55078125,60864.69921875,60661.5,60715.6484375,0
2026-02-27 08:45:00+00:00,60526.1015625,60820.3515625,60440.19921875,60777.8515625,0
2026-02-27 09:45:00+00:00,60482.44921875,60558.6015625,60446.30078125,60526.0,0
2026-03-02 03:45:00+00:00,59907.19921875,60176.8515625,59341.8515625,59341.8515625,0
2026-03-02 04:45:00+00:00,59836.25,59922.80078125,59723.3515625,59906.3515625,0
2026-03-02 05:45:00+00:00,59723.6484375,59887.0,59721.30078125,59839.8515625,0
2026-03-02 06:45:00+00:00,59628.6015625,59786.19921875,59594.94921875,59719.6015625,0
2026-03-02 07:45:00+00:00,59723.25,59764.5,59345.30078125,59625.8515625,0
2026-03-02 08:45:00+00:00,59907.19921875,59909.69921875,59615.5,59724.80078125,0
2026-03-02 09:45:00+00:00,59856.05078125,59956.69921875,59838.69921875,59906.8515625,0
2026-03-04 03:45:00+00:00,58717.44921875,58996.94921875,58415.3515625,58511.8984375,0
2026-03-04 04:45:00+00:00,58633.3984375,58753.8984375,58452.94921875,58720.30078125,0
2026-03-04 05:45:00+00:00,58482.0,58641.3515625,58479.25,58636.25,0
2026-03-04 06:45:00+00:00,58739.3984375,58754.0,58468.25,58484.6484375,0
2026-03-04 07:45:00+00:00,58965.44921875,58971.19921875,58609.0,58737.3515625,0
2026-03-04 08:45:00+00:00,58723.94921875,59056.80078125,58679.1015625,58965.80078125,0
2026-03-04 09:45:00+00:00,58759.6484375,58777.0,58657.6015625,58723.44921875,0
2026-03-05 03:45:00+00:00,58957.25,59088.25,58815.6484375,58994.8515625,0
2026-03-05 04:45:00+00:00,59093.05078125,59140.1484375,58846.1015625,58954.8515625,0
2026-03-05 05:45:00+00:00,58781.0,59120.1484375,58687.8984375,59087.8515625,0
2026-03-05 06:45:00+00:00,58850.94921875,58915.0,58716.94921875,58781.3984375,0
2026-03-05 07:45:00+00:00,58559.5,58897.05078125,58544.8984375,58854.25,0
2026-03-05 08:45:00+00:00,58926.55078125,59269.80078125,58506.3984375,58561.3984375,0
2026-03-05 09:45:00+00:00,58970.25,59040.25,58885.1015625,58930.69921875,0
2026-03-06 03:45:00+00:00,58445.6484375,58666.80078125,58407.5,58650.05078125,0
2026-03-06 04:45:00+00:00,58368.75,58480.8984375,58334.30078125,58441.55078125,0
2026-03-06 05:45:00+00:00,58331.75,58456.1015625,58290.1484375,58369.1484375,0
2026-03-06 06:45:00+00:00,58264.8515625,58364.19921875,58237.25,58336.05078125,0
2026-03-06 07:45:00+00:00,58240.0,58346.75,58158.6484375,58262.94921875,0
2026-03-06 08:45:00+00:00,57750.94921875,58295.3984375,57730.55078125,58241.25,0
2026-03-06 09:45:00+00:00,57782.3984375,57798.80078125,57700.1015625,57747.55078125,0
2026-03-09 03:45:00+00:00,55522.3984375,56258.6484375,55276.6015625,56075.55078125,0
2026-03-09 04:45:00+00:00,55601.69921875,55832.1484375,55276.3984375,55518.05078125,0
2026-03-09 05:45:00+00:00,55687.8515625,55952.75,55543.6015625,55607.0,0
2026-03-09 06:45:00+00:00,55690.6484375,55837.25,55627.8515625,55686.6484375,0
2026-03-09 07:45:00+00:00,55647.6484375,55894.8984375,55642.1015625,55689.19921875,0
2026-03-09 08:45:00+00:00,56082.5,56094.0,55596.1484375,55662.0,0
2026-03-09 09:45:00+00:00,55998.6015625,56097.5,55987.94921875,56084.5,0
2026-03-10 03:45:00+00:00,56659.0,56723.25,56387.19921875,56665.5,0
2026-03-10 04:45:00+00:00,56870.05078125,56941.1015625,56655.1484375,56658.75,0
2026-03-10 05:45:00+00:00,56780.05078125,56990.80078125,56776.69921875,56872.6015625,0
2026-03-10 06:45:00+00:00,56824.3515625,56932.6015625,56658.6484375,56778.1015625,0
2026-03-10 07:45:00+00:00,57082.8984375,57085.3984375,56745.94921875,56828.5,0
2026-03-10 08:45:00+00:00,56925.55078125,57096.8515625,56790.94921875,57082.8984375,0
2026-03-10 09:45:00+00:00,57002.1015625,57071.3515625,56921.8984375,56923.19921875,0
2026-03-11 03:45:00+00:00,56542.0,56914.05078125,56518.80078125,56899.05078125,0
2026-03-11 04:45:00+00:00,56335.6484375,56584.44921875,56306.8984375,56541.69921875,0
2026-03-11 05:45:00+00:00,56110.44921875,56337.55078125,56019.1015625,56337.3984375,0
2026-03-11 06:45:00+00:00,55952.25,56165.69921875,55944.19921875,56113.19921875,0
2026-03-11 07:45:00+00:00,55950.69921875,56125.05078125,55899.05078125,55958.30078125,0
2026-03-11 08:45:00+00:00,55745.5,56076.8515625,55712.1484375,55950.8515625,0
2026-03-11 09:45:00+00:00,55666.3984375,55797.69921875,55633.94921875,55741.80078125,0
2026-03-12 03:45:00+00:00,55013.25,55238.69921875,54767.44921875,55034.1015625,0
2026-03-12 04:45:00+00:00,55267.69921875,55370.6484375,54975.25,55013.1484375,0
2026-03-12 05:45:00+00:00,55232.94921875,55295.94921875,55047.5,55267.0,0
2026-03-12 06:45:00+00:00,55196.25,55335.1484375,55065.3515625,55236.25,0
2026-03-12 07:45:00+00:00,55369.55078125,55636.05078125,55168.05078125,55204.44921875,0
2026-03-12 08:45:00+00:00,55064.75,55429.94921875,54997.0,55368.30078125,0
2026-03-12 09:45:00+00:00,55133.6015625,55151.94921875,55062.1484375,55067.8984375,0
2026-03-13 03:45:00+00:00,54148.1484375,54695.75,54116.94921875,54595.1484375,0
2026-03-13 04:45:00+00:00,54057.3515625,54178.94921875,53963.05078125,54154.30078125,0
2026-03-13 05:45:00+00:00,54079.44921875,54270.19921875,54014.05078125,54053.1015625,0
2026-03-13 06:45:00+00:00,53820.80078125,54090.75,53766.5,54084.3515625,0
2026-03-13 07:45:00+00:00,53909.6015625,53915.1015625,53679.80078125,53826.1484375,0
2026-03-13 08:45:00+00:00,53781.30078125,54107.0,53730.44921875,53913.8515625,0
2026-03-13 09:45:00+00:00,53770.8984375,53788.1484375,53684.05078125,53780.19921875,0
2026-03-16 03:45:00+00:00,53829.55078125,54169.6484375,53635.80078125,53719.94921875,0
2026-03-16 04:45:00+00:00,53593.55078125,53827.05078125,53261.55078125,53824.55078125,0
2026-03-16 05:45:00+00:00,53692.30078125,53923.6484375,53583.6015625,53595.0,0
2026-03-16 06:45:00+00:00,53579.6015625,53778.8984375,53518.55078125,53693.0,0
2026-03-16 07:45:00+00:00,53716.3515625,53783.25,53563.30078125,53578.1015625,0
2026-03-16 08:45:00+00:00,54492.55078125,54663.55078125,53670.0,53714.8984375,0
2026-03-16 09:45:00+00:00,54287.75,54496.1015625,54228.8515625,54493.55078125,0
2026-03-17 03:45:00+00:00,54482.19921875,54633.1015625,54115.8984375,54633.1015625,0
2026-03-17 04:45:00+00:00,54368.80078125,54692.25,54292.6015625,54483.44921875,0
2026-03-17 05:45:00+00:00,54392.55078125,54419.8984375,54182.80078125,54369.69921875,0
2026-03-17 06:45:00+00:00,54592.6015625,54594.6484375,54260.6484375,54393.80078125,0
2026-03-17 07:45:00+00:00,54779.05078125,54796.3984375,54518.75,54596.75,0
2026-03-17 08:45:00+00:00,54961.6484375,54994.55078125,54568.3984375,54780.0,0
2026-03-17 09:45:00+00:00,54838.75,54960.1015625,54816.0,54958.8984375,0
2026-03-18 03:45:00+00:00,54787.25,55104.3515625,54693.1015625,54942.80078125,0
2026-03-18 04:45:00+00:00,55043.3984375,55062.0,54769.44921875,54790.5,0
2026-03-18 05:45:00+00:00,55226.1015625,55329.80078125,54985.75,55040.1015625,0
2026-03-18 06:45:00+00:00,55233.94921875,55293.6015625,55123.1484375,55226.69921875,0
2026-03-18 07:45:00+00:00,55377.1484375,55466.8515625,55219.94921875,55232.3984375,0
2026-03-18 08:45:00+00:00,55342.80078125,55553.05078125,55298.6015625,55375.69921875,0
2026-03-18 09:45:00+00:00,55324.5,55348.05078125,55229.75,55346.8515625,0
2026-03-19 03:45:00+00:00,53643.25,54109.55078125,53487.8515625,53573.6015625,0
2026-03-19 04:45:00+00:00,53760.6015625,53959.1484375,53551.8515625,53639.8984375,0
2026-03-19 05:45:00+00:00,54040.69921875,54054.69921875,53675.8515625,53761.5,0
2026-03-19 06:45:00+00:00,53933.1484375,54149.3984375,53923.94921875,54042.19921875,0
2026-03-19 07:45:00+00:00,53700.30078125,53985.8515625,53660.1484375,53932.19921875,0
2026-03-19 08:45:00+00:00,53384.3984375,53793.3515625,53245.25,53701.94921875,0
2026-03-19 09:45:00+00:00,53693.0,53699.8515625,53366.19921875,53382.25,0
2026-03-20 03:45:00+00:00,54015.44921875,54382.1484375,53548.19921875,53548.19921875,0
2026-03-20 04:45:00+00:00,54092.3984375,54154.19921875,53911.80078125,54017.1015625,0
2026-03-20 05:45:00+00:00,53833.8515625,54249.30078125,53770.5,54092.30078125,0
2026-03-20 06:45:00+00:00,53850.1484375,53929.80078125,53510.44921875,53834.30078125,0
2026-03-20 07:45:00+00:00,53715.44921875,53966.1484375,53647.6015625,53847.05078125,0
2026-03-20 08:45:00+00:00,53383.8515625,53726.75,53358.1484375,53711.80078125,0
2026-03-20 09:45:00+00:00,53453.8515625,53457.6484375,53298.6015625,53385.3515625,0
2026-03-23 03:45:00+00:00,51826.6015625,52629.8515625,51796.30078125,52605.80078125,0
2026-03-23 04:45:00+00:00,51747.0,51896.05078125,51569.75,51825.1484375,0
2026-03-23 05:45:00+00:00,51708.0,51817.80078125,51632.05078125,51748.75,0
2026-03-23 06:45:00+00:00,51605.1484375,51806.80078125,51557.3515625,51706.6484375,0
2026-03-23 07:45:00+00:00,51942.1015625,52041.3515625,51597.3515625,51607.3984375,0
2026-03-23 08:45:00+00:00,51410.75,51992.25,51402.3515625,51941.75,0
2026-03-23 09:45:00+00:00,51446.1484375,51491.3984375,51327.8515625,51407.05078125,0
2026-03-24 03:45:00+00:00,52075.25,52494.30078125,51997.75,52438.69921875,0
2026-03-24 04:45:00+00:00,51957.44921875,52248.0,51828.30078125,52077.30078125,0
2026-03-24 05:45:00+00:00,51993.3984375,52185.6484375,51924.6484375,51976.3515625,0
2026-03-24 06:45:00+00:00,52768.75,52859.55078125,51972.1484375,51994.80078125,0
2026-03-24 07:45:00+00:00,52809.44921875,52947.55078125,52676.30078125,52765.19921875,0
2026-03-24 08:45:00+00:00,52548.0,52917.75,52530.75,52814.44921875,0
2026-03-24 09:45:00+00:00,52745.6484375,52753.1015625,52493.1484375,52549.69921875,0
2026-03-25 03:45:00+00:00,53718.75,53750.94921875,53026.3515625,53026.3515625,0
2026-03-25 04:45:00+00:00,53987.19921875,53990.1484375,53628.05078125,53713.25,0
2026-03-25 05:45:00+00:00,54090.05078125,54096.30078125,53683.0,53985.6484375,0
2026-03-25 06:45:00+00:00,53900.80078125,54144.80078125,53827.05078125,54095.30078125,0
2026-03-25 07:45:00+00:00,53907.6484375,54119.5,53830.8515625,53899.44921875,0
2026-03-25 08:45:00+00:00,53676.1484375,53927.19921875,53623.8515625,53915.69921875,0
2026-03-25 09:45:00+00:00,53689.94921875,53735.94921875,53653.3515625,53676.1015625,0
2026-03-27 03:45:00+00:00,52629.1015625,53259.75,52618.3515625,53244.25,0
2026-03-27 04:45:00+00:00,52591.94921875,52761.1484375,52533.1484375,52632.3984375,0
2026-03-27 05:45:00+00:00,52492.1484375,52616.55078125,52435.30078125,52591.75,0
2026-03-27 06:45:00+00:00,52615.6484375,52668.5,52428.5,52487.3515625,0
2026-03-27 07:45:00+00:00,52504.6015625,52707.8984375,52427.75,52617.1484375,0
2026-03-27 08:45:00+00:00,52309.3984375,52511.3515625,52238.1015625,52502.94921875,0
2026-03-27 09:45:00+00:00,52364.3515625,52364.3515625,52220.8515625,52308.55078125,0
2026-03-30 03:45:00+00:00,51104.3984375,51576.8984375,50892.8984375,51576.8984375,0
2026-03-30 04:45:00+00:00,50808.44921875,51117.44921875,50768.0,51101.3984375,0
2026-03-30 05:45:00+00:00,50930.1484375,50973.5,50747.25,50804.8515625,0
2026-03-30 06:45:00+00:00,50774.94921875,51008.94921875,50733.19921875,50931.3984375,0
2026-03-30 07:45:00+00:00,50612.25,50811.19921875,50596.3515625,50772.55078125,0
2026-03-30 08:45:00+00:00,50297.0,50625.44921875,50110.1484375,50608.69921875,0
2026-03-30 09:45:00+00:00,50403.3515625,50443.6015625,50262.3984375,50297.6484375,0
2026-04-01 03:45:00+00:00,51451.94921875,51806.1015625,51433.75,51441.69921875,0
2026-04-01 04:45:00+00:00,51226.1015625,51474.19921875,51133.55078125,51452.55078125,0
2026-04-01 05:45:00+00:00,51644.55078125,51662.25,51181.69921875,51225.19921875,0
2026-04-01 06:45:00+00:00,51975.69921875,51977.8984375,51600.1484375,51644.44921875,0
2026-04-01 07:45:00+00:00,51732.8984375,52025.0,51418.75,51977.6015625,0
2026-04-01 08:45:00+00:00,51418.3984375,51740.30078125,51369.80078125,51738.6015625,0
2026-04-01 09:45:00+00:00,51526.1015625,51532.75,51411.5,51417.44921875,0
2026-04-02 03:45:00+00:00,50172.30078125,50618.25,50005.80078125,50618.25,0
2026-04-02 04:45:00+00:00,50111.1484375,50173.25,49957.1484375,50173.25,0
2026-04-02 05:45:00+00:00,50133.30078125,50254.6015625,50054.8515625,50115.8515625,0
2026-04-02 06:45:00+00:00,50398.25,50529.1484375,50030.8515625,50137.30078125,0
2026-04-02 07:45:00+00:00,51174.8515625,51174.8515625,50392.3984375,50398.3984375,0
2026-04-02 08:45:00+00:00,51674.3515625,51729.75,50989.8515625,51170.44921875,0
2026-04-02 09:45:00+00:00,51556.19921875,51730.3984375,51487.44921875,51674.30078125,0
2026-04-06 03:45:00+00:00,51474.25,51877.75,51111.6015625,51771.80078125,0
2026-04-06 04:45:00+00:00,51417.44921875,51664.55078125,51352.55078125,51490.6484375,0
2026-04-06 05:45:00+00:00,51659.19921875,51773.94921875,51400.69921875,51418.6015625,0
2026-04-06 06:45:00+00:00,52224.25,52238.8984375,51617.75,51659.44921875,0
2026-04-06 07:45:00+00:00,52394.55078125,52396.3515625,52158.44921875,52224.19921875,0
2026-04-06 08:45:00+00:00,52676.44921875,52691.8984375,52311.8515625,52395.44921875,0
2026-04-06 09:45:00+00:00,52572.69921875,52703.80078125,52555.94921875,52675.3984375,0
2026-04-07 03:45:00+00:00,52183.3984375,52278.6484375,51868.44921875,52278.6484375,0
2026-04-07 04:45:00+00:00,51986.69921875,52346.55078125,51950.94921875,52181.75,0
2026-04-07 05:45:00+00:00,52174.94921875,52304.25,51962.3515625,51986.6015625,0
2026-04-07 06:45:00+00:00,52158.44921875,52213.05078125,52057.0,52175.1015625,0
2026-04-07 07:45:00+00:00,52455.1015625,52594.05078125,52162.1484375,52162.1484375,0
2026-04-07 08:45:00+00:00,52685.55078125,52776.25,52351.44921875,52464.8984375,0
2026-04-07 09:45:00+00:00,52706.1484375,52756.0,52660.55078125,52684.75,0
2026-04-08 03:45:00+00:00,55181.05078125,55306.6015625,54809.8515625,54904.44921875,0
2026-04-08 04:45:00+00:00,55489.44921875,55533.8515625,55151.5,55184.6484375,0
2026-04-08 05:45:00+00:00,55419.30078125,55550.3984375,55279.55078125,55488.1484375,0
2026-04-08 06:45:00+00:00,55424.55078125,55491.44921875,55266.30078125,55422.05078125,0
2026-04-08 07:45:00+00:00,55422.05078125,55533.19921875,55393.94921875,55426.75,0
2026-04-08 08:45:00+00:00,55678.8984375,55753.0,55416.5,55422.8984375,0
2026-04-08 09:45:00+00:00,55757.75,55777.3515625,55660.94921875,55678.55078125,0
2026-04-09 03:45:00+00:00,55349.3515625,55576.0,55078.8515625,55525.05078125,0
2026-04-09 04:45:00+00:00,55372.0,55567.80078125,55284.80078125,55349.0,0
2026-04-09 05:45:00+00:00,55230.8515625,55385.80078125,55182.3515625,55372.0,0
2026-04-09 06:45:00+00:00,54961.6015625,55244.1484375,54939.80078125,55230.5,0
2026-04-09 07:45:00+00:00,54828.05078125,54962.30078125,54771.6015625,54959.44921875,0
2026-04-09 08:45:00+00:00,54884.25,54932.8515625,54626.8515625,54826.3984375,0
2026-04-09 09:45:00+00:00,54820.0,54887.44921875,54790.30078125,54881.6484375,0
2026-04-10 03:45:00+00:00,55849.1484375,55859.44921875,55180.80078125,55193.55078125,0
2026-04-10 04:45:00+00:00,55849.3984375,55928.75,55720.3984375,55859.8515625,0
2026-04-10 05:45:00+00:00,55767.44921875,55851.55078125,55682.1015625,55848.3515625,0
2026-04-10 06:45:00+00:00,55808.1015625,55855.1015625,55710.05078125,55767.3515625,0
2026-04-10 07:45:00+00:00,55881.6484375,55968.8515625,55787.1484375,55807.44921875,0
2026-04-10 08:45:00+00:00,55921.8984375,55977.6484375,55649.94921875,55885.5,0
2026-04-10 09:45:00+00:00,55929.3984375,55957.19921875,55900.1015625,55923.3984375,0
2026-04-13 03:45:00+00:00,54741.0,54825.55078125,54364.5,54697.75,0
2026-04-13 04:45:00+00:00,54954.05078125,55018.69921875,54669.55078125,54743.75,0
2026-04-13 05:45:00+00:00,55209.80078125,55213.0,54882.55078125,54953.19921875,0
2026-04-13 06:45:00+00:00,55391.30078125,55442.94921875,55201.05078125,55208.8515625,0
2026-04-13 07:45:00+00:00,55575.0,55749.6484375,55365.0,55394.8515625,0
2026-04-13 08:45:00+00:00,55639.3984375,55737.05078125,55524.94921875,55583.1484375,0
2026-04-13 09:45:00+00:00,55571.8515625,55644.75,55540.75,55640.6015625,0
2026-04-15 03:45:00+00:00,56503.1015625,56781.75,56311.94921875,56373.0,0
2026-04-15 04:45:00+00:00,56143.30078125,56622.0,56142.80078125,56502.69921875,0
2026-04-15 05:45:00+00:00,56326.5,56357.0,56109.19921875,56143.6484375,0
2026-04-15 06:45:00+00:00,56288.55078125,56345.8984375,56172.0,56326.05078125,0
2026-04-15 07:45:00+00:00,56293.8515625,56349.8984375,56210.05078125,56291.6015625,0
2026-04-15 08:45:00+00:00,56291.30078125,56430.8984375,56249.8984375,56291.8515625,0
2026-04-15 09:45:00+00:00,56258.8515625,56300.94921875,56223.6015625,56297.3515625,0
2026-04-16 03:45:00+00:00,56603.3515625,56832.8984375,56445.5,56657.25,0
2026-04-16 04:45:00+00:00,56535.8984375,56636.19921875,56491.3515625,56604.94921875,0
2026-04-16 05:45:00+00:00,56146.19921875,56574.3984375,56055.3515625,56536.3984375,0
2026-04-16 06:45:00+00:00,55936.69921875,56162.1015625,55900.44921875,56140.8515625,0
2026-04-16 07:45:00+00:00,56100.44921875,56172.30078125,55912.25,55939.19921875,0
2026-04-16 08:45:00+00:00,56069.0,56324.0,56018.6484375,56101.8984375,0
2026-04-16 09:45:00+00:00,56036.3984375,56089.1484375,55998.55078125,56068.6015625,0
2026-04-17 03:45:00+00:00,56207.8515625,56266.8515625,55853.6484375,56098.1015625,0
2026-04-17 04:45:00+00:00,56154.8984375,56307.80078125,56152.8515625,56211.19921875,0
