Date,close,high,low,open,volume
2024-04-18,300.2900085449219,308.79998779296875,292.6000061035156,302.0,1138850
2024-04-19,295.75,298.20001220703125,291.0,296.0,241225
2024-04-22,294.6099853515625,299.7900085449219,292.760009765625,298.20001220703125,1130010
2024-04-23,282.3999938964844,295.42999267578125,280.79998779296875,294.7799987792969,686945
2024-04-24,279.80999755859375,284.0,277.95001220703125,282.0,511380
2024-04-25,275.79998779296875,281.9599914550781,274.4800109863281,279.989990234375,645245
2024-04-26,271.29998779296875,282.20001220703125,269.92999267578125,275.80999755859375,749185
2024-04-29,270.8900146484375,275.7699890136719,259.30999755859375,268.0199890136719,2457970
2024-04-30,284.55999755859375,287.1199951171875,273.0199890136719,273.6000061035156,1181545
2024-05-02,281.79998779296875,285.0199890136719,278.80999755859375,284.9599914550781,274380
2024-05-03,282.82000732421875,284.7699890136719,277.20001220703125,281.260009765625,499635
2024-05-06,279.1099853515625,283.19000244140625,276.9800109863281,282.9700012207031,182830
2024-05-07,282.54998779296875,284.75,277.1499938964844,279.19000244140625,178555
2024-05-08,281.2300109863281,284.20001220703125,278.0,282.54998779296875,216845
2024-05-09,273.7799987792969,281.5899963378906,272.010009765625,281.5899963378906,1103995
2024-05-10,283.42999267578125,287.1300048828125,264.79998779296875,275.5899963378906,1046000
2024-05-13,275.1700134277344,281.3999938964844,270.0199890136719,277.05999755859375,1259650
2024-05-14,276.8800048828125,278.0199890136719,274.8800048828125,275.3299865722656,158080
2024-05-15,274.8900146484375,281.0,271.79998779296875,277.6000061035156,1102210
2024-05-16,277.2799987792969,279.6000061035156,274.3800048828125,275.1099853515625,102425
2024-05-17,278.19000244140625,280.4599914550781,274.0,277.2900085449219,488225
2024-05-21,283.5,285.0,276.760009765625,276.760009765625,414115
2024-05-22,284.30999755859375,286.3299865722656,280.3999938964844,286.3299865722656,106880
2024-05-23,282.5,287.0,278.3999938964844,286.20001220703125,453850
2024-05-24,278.25,286.42999267578125,277.4100036621094,282.5,276410
2024-05-27,280.239990234375,282.3699951171875,274.6600036621094,279.6000061035156,715375
2024-05-28,280.70001220703125,283.3900146484375,278.4100036621094,280.239990234375,568705
2024-05-29,282.6099853515625,288.3999938964844,280.2900085449219,281.8299865722656,184355
2024-05-30,284.8299865722656,285.989990234375,281.7300109863281,283.79998779296875,214865
2024-05-31,290.2900085449219,299.20001220703125,278.8500061035156,285.989990234375,1363465
2024-06-03,284.54998779296875,293.5799865722656,282.79998779296875,292.2300109863281,267805
2024-06-04,283.1400146484375,303.3999938964844,276.0,290.0,2837385
2024-06-05,290.8599853515625,297.0,276.3699951171875,288.95001220703125,323510
2024-06-06,291.5799865722656,294.989990234375,287.0,293.7300109863281,353130
2024-06-07,296.3500061035156,302.3900146484375,289.6499938964844,291.0,309535
2024-06-10,300.0400085449219,305.07000732421875,295.6199951171875,301.989990234375,351775
2024-06-11,300.94000244140625,302.7900085449219,297.9599914550781,298.79998779296875,195605
2024-06-12,299.1400146484375,303.0,295.29998779296875,302.29998779296875,352155
2024-06-13,301.6300048828125,302.989990234375,298.8500061035156,298.8500061035156,99970
2024-06-14,300.75,302.989990234375,298.5400085449219,302.1000061035156,102880
2024-06-18,303.5,308.0,297.04998779296875,308.0,649290
2024-06-19,311.8599853515625,319.7900085449219,304.45001220703125,306.0,1074460
2024-06-20,315.260009765625,334.20001220703125,312.04998779296875,322.3999938964844,5755000
2024-06-21,318.0400085449219,322.07000732421875,311.67999267578125,315.8399963378906,799410
2024-06-24,316.8699951171875,320.9200134277344,313.4100036621094,318.0400085449219,838690
2024-06-25,315.0299987792969,322.19000244140625,314.0199890136719,319.79998779296875,649090
2024-06-26,310.6600036621094,315.0,309.010009765625,315.0,538580
2024-06-27,310.70001220703125,315.2300109863281,304.20001220703125,312.79998779296875,588070
2024-06-28,313.4599914550781,316.7900085449219,308.9800109863281,310.0,524175
2024-07-01,314.2200012207031,316.989990234375,303.0,315.79998779296875,366625
2024-07-02,312.2300109863281,316.3800048828125,310.8500061035156,314.2200012207031,279755
2024-07-03,317.25,318.79998779296875,310.0199890136719,310.20001220703125,374875
2024-07-04,318.010009765625,320.6400146484375,315.0199890136719,317.20001220703125,238700
2024-07-05,316.4800109863281,324.20001220703125,315.0,317.6000061035156,379815
2024-07-08,312.0799865722656,319.19000244140625,309.2300109863281,318.07000732421875,251380
2024-07-09,312.1199951171875,324.0,311.04998779296875,317.5799865722656,435770
2024-07-10,311.07000732421875,315.1300048828125,303.4599914550781,315.1300048828125,165830
2024-07-11,310.8299865722656,314.69000244140625,308.0799865722656,309.05999755859375,2023470
2024-07-12,310.3299865722656,313.989990234375,309.0,311.989990234375,363185
2024-07-15,311.2300109863281,314.19000244140625,308.0,310.3999938964844,651500
2024-07-16,310.0799865722656,312.17999267578125,306.20001220703125,312.17999267578125,182430
2024-07-18,309.8299865722656,311.3999938964844,306.17999267578125,310.989990234375,1030730
2024-07-19,305.25,311.3500061035156,302.739990234375,309.8299865722656,744355
2024-07-22,305.739990234375,310.0,298.0899963378906,301.010009765625,448575
2024-07-23,312.44000244140625,313.3900146484375,297.0,309.79998779296875,536620
2024-07-24,325.0799865722656,327.20001220703125,310.6099853515625,312.44000244140625,631025
2024-07-25,315.9100036621094,321.7799987792969,313.0,321.7799987792969,701040
2024-07-26,311.1600036621094,319.79998779296875,310.0,319.79998779296875,109190
2024-07-29,316.1499938964844,317.75,310.82000732421875,315.79998779296875,744265
2024-07-30,321.0899963378906,323.3999938964844,312.25,316.20001220703125,1267645
2024-07-31,330.3699951171875,335.20001220703125,316.79998779296875,320.9800109863281,974520
2024-08-01,339.0899963378906,363.44000244140625,330.5400085449219,331.5199890136719,5057455
2024-08-02,335.6300048828125,339.6000061035156,333.2699890136719,337.989990234375,464710
2024-08-05,326.29998779296875,332.6700134277344,322.70001220703125,331.1600036621094,436415
2024-08-06,331.25,338.3699951171875,326.1300048828125,326.2900085449219,360840
2024-08-07,328.5799865722656,343.0,325.55999755859375,332.8399963378906,13224240
2024-08-08,322.1600036621094,330.3999938964844,320.79998779296875,329.6000061035156,295265
2024-08-09,318.1199951171875,324.989990234375,315.0,323.0,679930
2024-08-12,318.8900146484375,322.260009765625,314.5400085449219,315.2200012207031,445995
2024-08-13,308.82000732421875,318.8800048828125,307.4100036621094,318.8800048828125,838270
2024-08-14,307.239990234375,311.6600036621094,303.6099853515625,310.0,1081305
2024-08-16,312.5899963378906,315.3999938964844,307.79998779296875,308.20001220703125,304500
2024-08-19,311.55999755859375,315.67999267578125,308.8399963378906,315.67999267578125,618940
2024-08-20,314.6499938964844,327.0,310.3999938964844,322.0,515935
2024-08-21,318.760009765625,322.6400146484375,311.6000061035156,315.9800109863281,408440
2024-08-22,321.7799987792969,328.6000061035156,320.0,320.0,748020
2024-08-23,326.0899963378906,327.9800109863281,323.0,324.82000732421875,457825
2024-08-26,324.1099853515625,328.9800109863281,323.1400146484375,328.9800109863281,315820
2024-08-27,324.239990234375,328.9599914550781,322.6000061035156,325.6000061035156,326315
2024-08-28,320.7699890136719,326.7900085449219,320.2200012207031,326.7900085449219,243580
2024-08-29,319.8900146484375,324.2200012207031,318.010009765625,322.3999938964844,372710
2024-08-30,333.5299987792969,338.79998779296875,316.739990234375,322.9800109863281,1712945
2024-09-02,330.8699951171875,338.32000732421875,328.1000061035156,337.9800109863281,769775
2024-09-03,331.5199890136719,334.79998779296875,329.0,334.79998779296875,946870
2024-09-04,336.739990234375,338.79998779296875,330.0,331.79998779296875,1310540
2024-09-05,332.04998779296875,364.3999938964844,329.0,351.0,2582229
2024-09-06,336.3500061035156,340.0,317.04998779296875,333.0,3767279
2024-09-09,326.6000061035156,332.0,320.6499938964844,331.3500061035156,1110663
2024-09-10,338.6000061035156,341.0,322.0,322.0,1900540
2024-09-11,335.20001220703125,340.8999938964844,333.1000061035156,339.8999938964844,477343
2024-09-12,328.54998779296875,337.75,328.0,336.6499938964844,176209
2024-09-13,328.25,334.70001220703125,327.04998779296875,330.0,245207
2024-09-16,328.25,333.04998779296875,323.0,332.0,239140
2024-09-17,333.0,334.95001220703125,326.29998779296875,333.0,255522
2024-09-18,338.1000061035156,339.95001220703125,331.0,333.1000061035156,587602
2024-09-19,338.20001220703125,345.0,335.20001220703125,345.0,742590
2024-09-20,347.1499938964844,359.29998779296875,337.1000061035156,339.79998779296875,1464470
2024-09-23,352.5,360.95001220703125,347.95001220703125,353.6499938964844,808900
2024-09-24,376.45001220703125,401.0,348.0,352.5,11379551
2024-09-25,370.6000061035156,373.70001220703125,358.95001220703125,373.0,1117332
2024-09-26,381.6000061035156,391.70001220703125,358.45001220703125,367.5,3046595
2024-09-27,372.75,382.3999938964844,370.1000061035156,380.95001220703125,1014664
2024-09-30,357.1499938964844,372.70001220703125,354.04998779296875,372.70001220703125,1047473
2024-10-01,358.5,362.5,352.29998779296875,357.0,384672
2024-10-03,350.54998779296875,358.6000061035156,347.8500061035156,353.0,686175
2024-10-04,350.45001220703125,371.75,343.29998779296875,350.0,3875492
2024-10-07,347.79998779296875,354.70001220703125,345.45001220703125,352.1000061035156,438581
2024-10-08,349.5,352.1000061035156,343.20001220703125,347.79998779296875,857543
2024-10-09,353.20001220703125,356.25,348.3500061035156,354.6499938964844,263931
2024-10-10,357.45001220703125,360.1000061035156,346.1000061035156,354.0,339971
2024-10-11,371.0,374.95001220703125,357.45001220703125,357.45001220703125,1073865
2024-10-14,356.6499938964844,372.54998779296875,350.20001220703125,372.20001220703125,603936
2024-10-15,357.5,358.95001220703125,354.1499938964844,358.1499938964844,269140
2024-10-16,356.45001220703125,361.0,354.0,361.0,196905
2024-10-17,350.25,358.70001220703125,347.6499938964844,358.70001220703125,1036010
2024-10-18,347.1499938964844,351.0,341.04998779296875,350.0,207889
2024-10-21,345.0,350.29998779296875,342.54998779296875,345.20001220703125,133968
2024-10-22,339.04998779296875,343.75,335.3500061035156,340.25,275250
2024-10-23,331.6000061035156,341.1499938964844,329.20001220703125,333.95001220703125,314511
2024-10-24,330.0,333.8999938964844,323.1499938964844,331.0,646525
2024-10-25,323.8500061035156,334.45001220703125,321.20001220703125,330.0,379515
2024-10-28,342.3500061035156,359.75,315.29998779296875,322.3999938964844,779996
2024-10-29,324.8500061035156,337.04998779296875,311.6000061035156,333.54998779296875,1975369
2024-10-30,324.8500061035156,331.8999938964844,320.3500061035156,321.3500061035156,203698
2024-10-31,321.0,324.0,319.54998779296875,324.0,788260
2024-11-01,324.8999938964844,327.0,322.8500061035156,323.0,20757
2024-11-04,312.8999938964844,324.0,308.04998779296875,320.1000061035156,793143
2024-11-05,321.25,334.3500061035156,310.54998779296875,312.8999938964844,894930
2024-11-06,320.0,323.5,315.1000061035156,322.0,462318
2024-11-07,317.8999938964844,322.0,314.5,320.20001220703125,212429
2024-11-08,320.79998779296875,323.95001220703125,314.79998779296875,320.0,213884
2024-11-11,314.8999938964844,321.1000061035156,312.0,321.1000061035156,133654
2024-11-12,316.04998779296875,317.70001220703125,311.8999938964844,315.0,298023
2024-11-13,308.95001220703125,316.04998779296875,303.3999938964844,315.0,268749
2024-11-14,307.04998779296875,312.1000061035156,302.6000061035156,305.54998779296875,215286
2024-11-18,305.5,307.95001220703125,299.79998779296875,303.04998779296875,105149
2024-11-19,306.29998779296875,311.1499938964844,302.5,302.5,168380
2024-11-21,300.95001220703125,308.8500061035156,297.04998779296875,308.8500061035156,280917
2024-11-22,300.3999938964844,302.3999938964844,298.1000061035156,300.95001220703125,256140
2024-11-25,312.6000061035156,320.20001220703125,301.54998779296875,303.1499938964844,469707
2024-11-26,316.75,319.75,308.6000061035156,309.45001220703125,153541
2024-11-27,324.45001220703125,326.0,315.70001220703125,322.8500061035156,326649
2024-11-28,325.29998779296875,328.1499938964844,320.0,323.70001220703125,130250
2024-11-29,326.20001220703125,336.6000061035156,323.79998779296875,324.29998779296875,589974
2024-12-02,325.3999938964844,331.54998779296875,321.3999938964844,329.8500061035156,152695
2024-12-03,338.1000061035156,341.8999938964844,322.54998779296875,322.54998779296875,596239
2024-12-04,341.04998779296875,348.20001220703125,333.70001220703125,333.70001220703125,405512
2024-12-05,342.8500061035156,355.5,340.04998779296875,342.3999938964844,529917
2024-12-06,350.20001220703125,351.95001220703125,340.0,340.0,169213
2024-12-09,340.70001220703125,351.95001220703125,338.5,350.54998779296875,395905
2024-12-10,329.70001220703125,340.0,325.1000061035156,340.0,947315
2024-12-11,325.3999938964844,332.6000061035156,322.8999938964844,329.95001220703125,162543
2024-12-12,319.8500061035156,325.3500061035156,318.3500061035156,322.1000061035156,387805
2024-12-13,312.29998779296875,319.8999938964844,309.45001220703125,316.5,275497
2024-12-16,317.3999938964844,318.70001220703125,308.8500061035156,311.0,367127
2024-12-17,314.29998779296875,321.29998779296875,309.5,318.5,206656
2024-12-18,309.5,317.20001220703125,308.25,315.0,85845
2024-12-19,308.1499938964844,311.04998779296875,302.0,306.70001220703125,434510
2024-12-20,311.75,318.1499938964844,305.54998779296875,305.54998779296875,407861
2024-12-23,319.8500061035156,325.95001220703125,308.0,312.0,1140660
2024-12-24,324.75,333.79998779296875,319.79998779296875,319.8500061035156,535764
2024-12-26,321.25,327.95001220703125,319.79998779296875,326.5,92957
2024-12-27,330.6499938964844,333.0,321.5,322.8999938964844,281008
2024-12-30,332.6499938964844,337.0,325.54998779296875,330.04998779296875,332018
2024-12-31,329.5,338.75,321.1499938964844,332.6499938964844,365274
2025-01-01,345.6499938964844,350.0,330.8500061035156,333.0,422687
2025-01-02,341.5,351.0,337.29998779296875,345.04998779296875,283644
2025-01-03,348.8500061035156,371.3500061035156,341.29998779296875,341.29998779296875,4207246
2025-01-06,354.3999938964844,374.6499938964844,348.04998779296875,349.04998779296875,3063847
2025-01-07,354.45001220703125,362.8999938964844,351.29998779296875,356.5,555067
2025-01-08,339.6000061035156,353.8999938964844,335.8500061035156,352.0,473682
2025-01-09,343.8999938964844,347.1499938964844,334.8999938964844,339.6000061035156,268914
2025-01-10,328.6499938964844,345.70001220703125,327.0,345.70001220703125,215196
2025-01-13,320.8999938964844,328.6499938964844,315.20001220703125,328.6499938964844,530674
2025-01-14,325.79998779296875,333.8500061035156,314.5,320.0,448350
2025-01-15,331.3500061035156,335.45001220703125,320.1499938964844,330.70001220703125,500476
2025-01-16,323.5,332.95001220703125,319.0,330.5,306570
2025-01-17,318.04998779296875,324.0,314.8999938964844,322.79998779296875,183261
2025-01-20,314.25,319.79998779296875,310.3999938964844,315.20001220703125,243048
2025-01-21,312.1499938964844,323.8999938964844,310.6499938964844,314.25,82593
2025-01-22,310.20001220703125,319.8500061035156,307.79998779296875,312.20001220703125,718453
2025-01-23,305.29998779296875,315.25,303.29998779296875,311.25,294864
2025-01-24,305.3500061035156,311.1499938964844,301.6000061035156,302.75,182932
2025-01-27,295.20001220703125,306.95001220703125,291.1000061035156,306.95001220703125,185530
2025-01-28,286.95001220703125,296.95001220703125,283.70001220703125,295.95001220703125,395519
2025-01-29,289.95001220703125,296.0,284.6499938964844,286.0,150002
2025-01-30,290.04998779296875,295.0,286.3999938964844,289.95001220703125,125615
2025-01-31,289.6000061035156,299.0,284.0,291.6000061035156,545170
2025-02-01,315.75,321.8999938964844,287.5,291.04998779296875,1583581
2025-02-03,326.79998779296875,346.0,292.8999938964844,305.0,4994203
2025-02-04,319.04998779296875,326.3999938964844,312.0,321.0,703180
2025-02-05,318.5,324.6000061035156,315.20001220703125,323.75,318734
2025-02-06,317.8500061035156,331.3999938964844,311.6499938964844,319.0,756341
2025-02-07,323.1499938964844,332.0,299.0,319.0,812371
2025-02-10,311.75,327.70001220703125,308.8500061035156,323.79998779296875,503143
2025-02-11,303.79998779296875,315.6000061035156,302.0,313.0,783699
2025-02-12,296.6000061035156,310.79998779296875,291.75,298.1000061035156,327796
2025-02-13,296.5,307.75,292.29998779296875,296.70001220703125,329129
2025-02-14,299.8500061035156,306.3999938964844,295.6000061035156,297.0,685881
2025-02-17,298.0,304.0,284.8500061035156,299.04998779296875,350439
2025-02-18,307.04998779296875,314.6499938964844,294.54998779296875,301.0,243799
2025-02-19,308.8500061035156,311.0,299.70001220703125,299.75,416576
2025-02-20,317.45001220703125,321.1000061035156,304.0,309.0,623073
2025-02-21,326.3500061035156,333.6000061035156,316.75,316.79998779296875,468758
2025-02-24,311.70001220703125,331.20001220703125,310.20001220703125,325.0,386550
2025-02-25,320.45001220703125,328.0,312.5,313.70001220703125,672248
2025-02-27,307.54998779296875,323.8500061035156,302.3999938964844,318.25,263570
2025-02-28,310.25,315.0,300.1499938964844,309.8500061035156,474180
2025-03-03,326.04998779296875,328.0,301.1000061035156,310.1499938964844,452089
2025-03-04,319.8999938964844,323.1000061035156,313.45001220703125,320.0,1569378
2025-03-05,310.1000061035156,323.8500061035156,307.29998779296875,316.70001220703125,328595
2025-03-06,326.29998779296875,346.0,312.79998779296875,314.29998779296875,5784420
2025-03-07,337.75,341.45001220703125,317.5,322.79998779296875,805282
2025-03-10,326.3999938964844,336.8500061035156,321.0,336.8500061035156,306566
2025-03-11,323.04998779296875,330.0,297.04998779296875,315.25,1810873
2025-03-12,314.75,329.8999938964844,308.8500061035156,325.5,410430
2025-03-13,304.1499938964844,317.5,301.20001220703125,316.70001220703125,575841
2025-03-17,296.1000061035156,310.54998779296875,294.0,307.75,468248
2025-03-18,296.1000061035156,296.1000061035156,296.1000061035156,296.1000061035156,0
2025-03-19,305.3999938964844,314.54998779296875,303.5,311.0,394586
2025-03-20,299.54998779296875,313.1000061035156,298.6499938964844,306.8999938964844,500791
2025-03-21,313.95001220703125,319.5,299.25,300.45001220703125,1128009
2025-03-24,307.3999938964844,318.95001220703125,306.1499938964844,311.1499938964844,431299
2025-03-25,300.6000061035156,310.79998779296875,294.5,307.1499938964844,556972
2025-03-26,290.1499938964844,302.0,288.45001220703125,302.0,883796
2025-03-27,299.0,307.75,288.0,294.79998779296875,1105113
2025-03-28,294.45001220703125,302.79998779296875,291.95001220703125,297.75,406390
2025-04-01,293.54998779296875,297.75,289.95001220703125,295.1000061035156,380096
2025-04-02,298.5,302.3999938964844,293.20001220703125,294.0,216447
2025-04-03,304.20001220703125,305.20001220703125,293.1499938964844,293.1499938964844,122576
2025-04-04,295.04998779296875,309.0,291.29998779296875,300.04998779296875,624918
2025-04-07,292.25,294.29998779296875,275.79998779296875,285.54998779296875,171198
2025-04-08,291.1000061035156,299.6000061035156,287.45001220703125,295.1000061035156,267061
2025-04-09,293.0,294.3999938964844,287.8999938964844,287.8999938964844,152544
2025-04-11,305.29998779296875,306.79998779296875,294.54998779296875,295.0,322516
2025-04-15,307.8500061035156,316.0,305.8999938964844,310.5,313882
2025-04-16,308.1499938964844,309.8500061035156,302.54998779296875,305.0,162449
2025-04-17,303.29998779296875,310.25,302.3500061035156,305.0,188153
2025-04-21,315.75,316.8999938964844,304.04998779296875,304.04998779296875,318343
2025-04-22,322.1000061035156,324.0,313.3500061035156,317.0,202991
2025-04-23,338.75,341.29998779296875,312.0,323.0,511424
2025-04-24,340.04998779296875,341.8999938964844,331.5,333.45001220703125,300040
2025-04-25,324.6499938964844,339.8999938964844,321.20001220703125,335.95001220703125,155193
2025-04-28,320.45001220703125,325.6499938964844,318.3999938964844,320.54998779296875,78348
2025-04-29,320.3999938964844,326.3500061035156,316.6499938964844,319.5,179297
2025-04-30,316.5,324.8500061035156,315.04998779296875,322.0,205241
2025-05-02,320.45001220703125,326.75,312.3999938964844,316.5,235340
2025-05-05,316.1499938964844,324.0,313.45001220703125,319.70001220703125,83391
2025-05-06,314.8500061035156,319.04998779296875,313.20001220703125,316.0,137858
2025-05-07,310.75,319.70001220703125,299.0,306.0,856996
2025-05-08,299.79998779296875,312.8999938964844,297.0,306.6000061035156,1402682
2025-05-09,300.1000061035156,304.95001220703125,290.1000061035156,290.1000061035156,2732819
2025-05-12,306.29998779296875,314.3999938964844,304.29998779296875,306.1499938964844,240710
2025-05-13,304.20001220703125,313.20001220703125,301.04998779296875,308.75,308076
2025-05-14,306.0,310.20001220703125,304.0,307.25,557523
2025-05-15,307.25,310.70001220703125,304.6499938964844,309.70001220703125,332537
2025-05-16,331.0,334.0,306.1499938964844,308.70001220703125,1512764
2025-05-19,327.6499938964844,338.95001220703125,324.8500061035156,331.0,636776
2025-05-20,329.20001220703125,340.0,327.3999938964844,331.3999938964844,348598
2025-05-21,321.45001220703125,333.0,319.0,330.0,137321
2025-05-22,316.1000061035156,324.45001220703125,313.5,320.70001220703125,204802
2025-05-23,319.29998779296875,323.45001220703125,314.3999938964844,315.0,73019
2025-05-26,323.29998779296875,336.45001220703125,318.6000061035156,318.6000061035156,544244
2025-05-27,316.75,328.0,315.25,325.8999938964844,281727
2025-05-28,311.8500061035156,319.29998779296875,310.5,319.29998779296875,249978
2025-05-29,317.6499938964844,319.04998779296875,310.20001220703125,311.95001220703125,161944
2025-05-30,318.1000061035156,320.54998779296875,315.45001220703125,318.6000061035156,163710
2025-06-02,317.6499938964844,321.70001220703125,315.0,320.0,117657
2025-06-03,310.6499938964844,322.6000061035156,308.20001220703125,319.6000061035156,238769
2025-06-04,316.6000061035156,320.79998779296875,311.0,311.0,342703
2025-06-05,326.3500061035156,329.75,318.1499938964844,319.0,355416
2025-06-06,332.5,334.20001220703125,326.75,327.95001220703125,302638
2025-06-09,326.6499938964844,343.25,323.75,333.29998779296875,357150
2025-06-10,319.1000061035156,331.5,317.3999938964844,328.25,220847
2025-06-11,317.04998779296875,322.20001220703125,314.0,319.5,125525
2025-06-12,320.5,322.0,314.8500061035156,320.20001220703125,160716
2025-06-13,321.5,324.6000061035156,312.3999938964844,315.25,186248
2025-06-16,317.6499938964844,324.79998779296875,315.75,323.6499938964844,370089
2025-06-17,321.6000061035156,322.70001220703125,315.95001220703125,319.6000061035156,309810
2025-06-18,326.04998779296875,329.3999938964844,320.1000061035156,324.3999938964844,799168
2025-06-19,324.5,339.95001220703125,323.79998779296875,329.0,1220718
2025-06-20,325.20001220703125,334.8999938964844,314.1000061035156,321.25,1284421
2025-06-23,330.6000061035156,332.5,320.54998779296875,325.0,233235
2025-06-24,326.25,334.8500061035156,322.70001220703125,334.0,208294
2025-06-25,328.6499938964844,330.0,326.04998779296875,330.0,260851
2025-06-26,328.0,329.6000061035156,324.1499938964844,329.6000061035156,174398
2025-06-27,327.8500061035156,330.5,326.0,328.79998779296875,117090
2025-06-30,328.79998779296875,331.1499938964844,326.5,331.0,104055
2025-07-01,327.1000061035156,331.8999938964844,325.3999938964844,328.70001220703125,97880
2025-07-02,320.70001220703125,327.29998779296875,318.6000061035156,325.1000061035156,205192
2025-07-03,320.54998779296875,322.79998779296875,319.29998779296875,320.0,73431
2025-07-04,336.75,355.0,329.79998779296875,329.79998779296875,26526181
2025-07-07,335.25,338.70001220703125,328.3500061035156,333.0,969415
2025-07-08,338.1000061035156,341.3999938964844,332.1000061035156,335.25,696261
2025-07-09,337.5,341.29998779296875,333.6499938964844,337.0,300635
2025-07-10,337.6499938964844,339.6000061035156,332.20001220703125,337.5,209563
2025-07-11,330.8500061035156,337.20001220703125,325.0,335.04998779296875,267901
2025-07-14,330.70001220703125,333.8500061035156,328.04998779296875,330.95001220703125,112119
2025-07-15,333.3500061035156,335.6499938964844,330.29998779296875,330.29998779296875,85632
2025-07-16,333.8999938964844,336.1000061035156,333.0,336.0,170441
2025-07-17,342.5,349.79998779296875,333.8500061035156,336.8999938964844,478648
2025-07-18,342.1000061035156,368.0,338.0,342.5,4645546
2025-07-21,334.54998779296875,342.79998779296875,331.70001220703125,342.79998779296875,207926
2025-07-22,335.3500061035156,339.45001220703125,328.6499938964844,337.8999938964844,140552
2025-07-23,344.20001220703125,356.75,320.25,339.6000061035156,6778952
2025-07-24,342.1499938964844,347.0,333.0,337.0,628558
2025-07-25,331.1499938964844,338.5,327.6000061035156,338.5,326489
2025-07-28,337.3999938964844,339.54998779296875,325.25,333.0,306810
2025-07-29,326.04998779296875,334.20001220703125,323.70001220703125,334.1499938964844,393308
2025-07-30,321.1499938964844,329.20001220703125,319.29998779296875,328.0,134463
2025-07-31,316.6000061035156,324.25,312.3500061035156,320.0,369401
2025-08-01,319.6499938964844,326.45001220703125,316.79998779296875,317.5,217298
2025-08-04,317.04998779296875,321.54998779296875,312.70001220703125,319.0,319817
2025-08-05,310.95001220703125,319.75,309.25,319.5,103806
2025-08-06,305.1499938964844,312.45001220703125,299.20001220703125,310.0,232100
2025-08-07,317.3999938964844,322.29998779296875,293.6000061035156,303.0,1118763
2025-08-08,318.29998779296875,323.0,309.95001220703125,318.5,508838
2025-08-11,323.6000061035156,326.0,310.29998779296875,314.95001220703125,181243
2025-08-12,322.6499938964844,325.5,317.95001220703125,323.79998779296875,128304
2025-08-13,315.3500061035156,324.3999938964844,313.70001220703125,322.6499938964844,274653
2025-08-14,306.29998779296875,316.6499938964844,303.29998779296875,315.8999938964844,192865
2025-08-18,314.29998779296875,318.8999938964844,307.5,311.0,177797
2025-08-19,326.20001220703125,328.0,312.1000061035156,312.1000061035156,166190
2025-08-20,325.75,329.20001220703125,321.5,326.1499938964844,249443
2025-08-21,328.45001220703125,333.0,326.0,329.8999938964844,170387
2025-08-22,327.0,330.75,325.70001220703125,329.70001220703125,48059
2025-08-25,326.54998779296875,329.79998779296875,325.04998779296875,326.3500061035156,82276
2025-08-26,323.79998779296875,328.8999938964844,323.0,328.8500061035156,197296
2025-08-28,319.45001220703125,326.0,318.0,323.5,130760
2025-08-29,327.04998779296875,328.5,317.79998779296875,320.3500061035156,151247
2025-09-01,325.5,329.45001220703125,322.3500061035156,329.45001220703125,68521
2025-09-02,320.29998779296875,337.6499938964844,316.0,337.6499938964844,156154
2025-09-03,323.1499938964844,326.0,320.45001220703125,320.45001220703125,50235
2025-09-04,326.0,347.8999938964844,321.04998779296875,323.0,2106888
2025-09-05,321.25,328.6000061035156,319.3500061035156,326.0,120067
2025-09-08,319.8500061035156,324.70001220703125,315.3500061035156,321.3999938964844,256780
2025-09-09,320.79998779296875,324.75,319.1000061035156,320.20001220703125,2999803
2025-09-10,332.20001220703125,338.0,324.0,324.0,1782161
2025-09-11,331.5,336.70001220703125,328.70001220703125,332.8999938964844,1164731
2025-09-12,328.79998779296875,333.79998779296875,326.29998779296875,331.1000061035156,231984
2025-09-15,327.8500061035156,333.29998779296875,327.0,329.45001220703125,198302
2025-09-16,326.45001220703125,329.54998779296875,325.5,329.54998779296875,125080
2025-09-17,321.3500061035156,330.75,320.0,326.5,848313
2025-09-18,323.1000061035156,324.95001220703125,319.54998779296875,324.95001220703125,221584
2025-09-19,318.29998779296875,324.3500061035156,315.0,324.3500061035156,628941
2025-09-22,312.70001220703125,318.8500061035156,312.0,314.1000061035156,228716
2025-09-23,306.0,315.5,302.3500061035156,315.0,412452
2025-09-24,307.8500061035156,311.0,304.29998779296875,305.1499938964844,410850
2025-09-25,308.04998779296875,313.0,307.0,308.0,185894
2025-09-26,301.1000061035156,309.0,298.5,309.0,276718
2025-09-29,293.45001220703125,305.6000061035156,291.6000061035156,301.20001220703125,271879
2025-09-30,293.79998779296875,298.79998779296875,292.1499938964844,296.0,180627
2025-10-01,296.3999938964844,298.3500061035156,290.70001220703125,296.0,167932
2025-10-03,293.70001220703125,299.8999938964844,292.0,297.0,774444
2025-10-06,295.70001220703125,297.3999938964844,289.04998779296875,293.6499938964844,312450
2025-10-07,290.8999938964844,297.29998779296875,290.0,297.29998779296875,116257
2025-10-08,293.3999938964844,295.8500061035156,288.29998779296875,291.0,129155
2025-10-09,286.6499938964844,296.0,286.0,296.0,193890
2025-10-10,279.20001220703125,288.20001220703125,277.29998779296875,288.0,458184
2025-10-13,278.6499938964844,284.95001220703125,271.3999938964844,277.0,385989
2025-10-14,276.70001220703125,281.8999938964844,274.79998779296875,280.0,264969
2025-10-15,280.29998779296875,282.25,273.54998779296875,277.79998779296875,443144
2025-10-16,287.75,293.20001220703125,277.25,280.29998779296875,466807
2025-10-17,288.3500061035156,293.0,284.3999938964844,285.0,512435
2025-10-20,286.75,290.04998779296875,285.95001220703125,288.0,287936
2025-10-21,294.54998779296875,299.0,289.75,289.95001220703125,146779
2025-10-23,290.0,298.95001220703125,289.25,295.95001220703125,287268
2025-10-24,286.3999938964844,290.8999938964844,284.1499938964844,290.0,118868
2025-10-27,284.29998779296875,296.5,282.70001220703125,288.8500061035156,377183
2025-10-28,279.8999938964844,288.5,279.25,285.79998779296875,450432
2025-10-29,291.45001220703125,295.0,278.1000061035156,280.95001220703125,1879147
2025-10-30,301.3999938964844,310.5,295.0,295.0,4258793
2025-10-31,286.04998779296875,304.6000061035156,283.20001220703125,304.6000061035156,1004593
2025-11-03,286.3999938964844,288.0,283.0,283.0,409980
2025-11-04,284.8500061035156,287.95001220703125,281.25,287.95001220703125,229465
2025-11-06,279.0,284.8500061035156,277.04998779296875,284.8500061035156,405062
2025-11-07,270.29998779296875,284.5,267.25,276.29998779296875,551731
2025-11-10,265.20001220703125,273.1000061035156,264.04998779296875,271.70001220703125,158977
2025-11-11,255.5,266.6000061035156,251.85000610351562,265.0,1340859
2025-11-12,253.0,258.20001220703125,252.0,255.0,388286
2025-11-13,248.89999389648438,254.5,247.60000610351562,253.0500030517578,265997
2025-11-14,245.8000030517578,248.3000030517578,241.8000030517578,247.6999969482422,367630
2025-11-17,251.25,253.5,245.8000030517578,246.4499969482422,463062
2025-11-18,262.1499938964844,264.8999938964844,247.25,254.0500030517578,2004361
2025-11-19,263.1499938964844,265.04998779296875,258.20001220703125,263.5,1094980
2025-11-20,261.75,263.45001220703125,258.1499938964844,263.1499938964844,318061
2025-11-21,255.0,262.3999938964844,253.0,261.75,250460
2025-11-24,254.5500030517578,256.8999938964844,251.64999389648438,256.0,311595
2025-11-25,259.54998779296875,260.79998779296875,250.3000030517578,254.5,553365
2025-11-26,254.5,259.70001220703125,251.25,257.45001220703125,345937
2025-11-27,252.35000610351562,257.25,251.4499969482422,254.0,93378
2025-11-28,248.6999969482422,253.0,245.3000030517578,253.0,277117
2025-12-01,246.44000244140625,250.0,245.4199981689453,250.0,131668
2025-12-02,246.60000610351562,248.5,244.0,245.0,164641
2025-12-03,256.1400146484375,258.20001220703125,245.00999450683594,247.5500030517578,514399
2025-12-04,254.30999755859375,257.04998779296875,248.9499969482422,255.0,879863
2025-12-05,244.9199981689453,250.5,244.0,250.5,524447
2025-12-08,239.6199951171875,244.75,238.5,244.0,246373
2025-12-09,236.6699981689453,240.82000732421875,232.02999877929688,240.1999969482422,652867
2025-12-10,236.1699981689453,240.52000427246094,231.69000244140625,234.5,381748
2025-12-11,236.2899932861328,238.58999633789062,233.25,235.5,243515
2025-12-12,238.05999755859375,239.42999267578125,236.0,236.74000549316406,130645
2025-12-15,234.11000061035156,239.3000030517578,233.25,238.5,205878
2025-12-16,229.61000061035156,234.11000061035156,226.7899932861328,234.11000061035156,256769
2025-12-17,228.25,232.0,225.10000610351562,229.61000061035156,178332
2025-12-18,225.67999267578125,229.50999450683594,221.39999389648438,228.0,689254
2025-12-19,230.63999938964844,234.0,224.0,225.0,1851297
2025-12-22,240.64999389648438,242.55999755859375,228.66000366210938,232.0,1039961
2025-12-23,247.30999755859375,249.0,236.60000610351562,240.64999389648438,968882
2025-12-24,252.57000732421875,256.2799987792969,244.10000610351562,249.0,1468450
2025-12-26,251.9600067138672,254.13999938964844,248.14999389648438,249.0,577604
2025-12-29,253.10000610351562,254.0,245.82000732421875,251.5,366541
2025-12-30,247.3000030517578,251.00999450683594,245.97000122070312,251.0,293759
2025-12-31,257.04998779296875,260.0,245.66000366210938,247.3000030517578,1798913
2026-01-01,262.70001220703125,265.3999938964844,253.3000030517578,258.54998779296875,1302542
2026-01-02,252.0,260.5,247.10000610351562,259.1000061035156,7488365
2026-01-05,234.10000610351562,253.5500030517578,231.5,250.89999389648438,3840379
2026-01-06,227.8000030517578,234.35000610351562,222.60000610351562,234.0,3781221
2026-01-07,229.0500030517578,230.5,226.1999969482422,227.6999969482422,812807
2026-01-08,221.35000610351562,230.25,220.5500030517578,229.10000610351562,740691
2026-01-09,221.8000030517578,224.1999969482422,218.0500030517578,221.0500030517578,1197506
2026-01-12,222.0500030517578,224.0,217.0,219.5,674262
2026-01-13,226.64999389648438,227.89999389648438,221.3000030517578,222.0500030517578,364844
2026-01-14,224.0500030517578,229.0500030517578,222.1999969482422,225.1999969482422,270028
2026-01-15,224.0500030517578,224.0500030517578,224.0500030517578,224.0500030517578,0
2026-01-16,221.4499969482422,226.39999389648438,220.0500030517578,224.10000610351562,154770
2026-01-19,215.64999389648438,222.1999969482422,215.0,221.4499969482422,348013
2026-01-20,205.14999389648438,217.60000610351562,203.10000610351562,215.5,744773
2026-01-21,201.25,206.9499969482422,197.4499969482422,205.0,816214
2026-01-22,193.8000030517578,202.75,192.0500030517578,201.0,813048
2026-01-23,184.89999389648438,195.0,183.10000610351562,193.89999389648438,538588
2026-01-27,181.8000030517578,184.89999389648438,179.4499969482422,184.89999389648438,445885
2026-01-28,189.85000610351562,190.75,181.89999389648438,183.89999389648438,760527
2026-01-29,183.39999389648438,190.0,179.39999389648438,190.0,451828
2026-01-30,189.5500030517578,191.4499969482422,181.0500030517578,183.75,462008
2026-02-02,186.63999938964844,188.22000122070312,181.0,188.22000122070312,283999
2026-02-03,188.41000366210938,194.0,186.25,194.0,269238
2026-02-04,202.77999877929688,206.42999267578125,187.4499969482422,188.85000610351562,2035885
2026-02-05,217.47000122070312,219.42999267578125,202.91000366210938,205.0,6189225
2026-02-06,215.13999938964844,216.9600067138672,207.05999755859375,216.7100067138672,1124220
2026-02-09,213.91000366210938,216.0800018310547,210.6300048828125,214.0,420137
2026-02-10,226.9499969482422,228.89999389648438,212.05999755859375,215.0,1372626
2026-02-11,223.94000244140625,228.22000122070312,220.89999389648438,227.0,496392
2026-02-12,220.19000244140625,223.89999389648438,216.61000061035156,223.89999389648438,203181
2026-02-13,218.33999633789062,223.5,214.22000122070312,217.25,321014
2026-02-16,214.80999755859375,218.3000030517578,213.10000610351562,218.3000030517578,219975
2026-02-17,217.63999938964844,219.0,211.00999450683594,215.0500030517578,212601
2026-02-18,219.69000244140625,222.8699951171875,216.60000610351562,217.82000732421875,292765
2026-02-19,219.17999267578125,222.0,215.41000366210938,220.99000549316406,212087
2026-02-20,217.16000366210938,224.8699951171875,215.80999755859375,222.0,343911
2026-02-23,219.50999450683594,221.6699981689453,215.86000061035156,218.02999877929688,188656
2026-02-24,215.10000610351562,218.80999755859375,213.75999450683594,216.0,91260
2026-02-25,214.3699951171875,217.3000030517578,212.39999389648438,217.3000030517578,154900
2026-02-26,207.77999877929688,215.7899932861328,207.10000610351562,212.52000427246094,170239
2026-02-27,204.2899932861328,209.36000061035156,201.6999969482422,208.82000732421875,421944
2026-03-02,196.61000061035156,203.85000610351562,195.0500030517578,200.0,142276
2026-03-04,191.24000549316406,194.99000549316406,188.8000030517578,193.7899932861328,140748
2026-03-05,186.58999633789062,192.0,185.0,191.50999450683594,539177
2026-03-06,193.3699951171875,196.0,185.08999633789062,187.00999450683594,1054502
2026-03-09,174.75999450683594,189.0,173.5399932861328,185.0,1118893
2026-03-10,173.16000366210938,177.67999267578125,170.50999450683594,175.5,1577381
2026-03-11,171.00999450683594,176.27000427246094,169.5500030517578,175.0,1120190
2026-03-12,169.3300018310547,173.41000366210938,164.30999755859375,169.5500030517578,1606864
2026-03-13,162.5399932861328,170.0,153.52999877929688,170.0,4045988
2026-03-16,163.05999755859375,164.9499969482422,155.0,160.10000610351562,777799
2026-03-17,165.6300048828125,168.38999938964844,159.3300018310547,165.0,732015
2026-03-18,171.50999450683594,172.99000549316406,164.33999633789062,165.64999389648438,463049
2026-03-19,163.11000061035156,169.3000030517578,161.5800018310547,167.0,501475
2026-03-20,160.1300048828125,164.08999633789062,159.44000244140625,163.60000610351562,752560
2026-03-23,154.47999572753906,158.0,153.3000030517578,156.47000122070312,910592
2026-03-24,158.44000244140625,162.0,153.6300048828125,156.8000030517578,561580
2026-03-25,159.9600067138672,164.30999755859375,157.5,159.41000366210938,875831
2026-03-27,159.22999572753906,164.6999969482422,151.8699951171875,157.3300018310547,1150245
2026-03-30,150.4199981689453,158.10000610351562,149.00999450683594,158.10000610351562,2779815
2026-04-01,155.33999633789062,156.39999389648438,150.27000427246094,156.39999389648438,1266313
2026-04-02,153.97000122070312,158.14999389648438,139.91000366210938,152.14999389648438,2916420
2026-04-06,157.39999389648438,158.39999389648438,149.3800048828125,152.22999572753906,835242
2026-04-07,158.5500030517578,162.2899932861328,153.36000061035156,158.67999267578125,715193
2026-04-08,166.8000030517578,169.82000732421875,161.35000610351562,166.49000549316406,1348432
2026-04-09,161.9499969482422,168.5,159.6199951171875,168.5,1049111
2026-04-10,170.02999877929688,176.39999389648438,160.60000610351562,160.60000610351562,4931452
2026-04-13,173.60000610351562,178.25,165.52999877929688,169.2899932861328,899985
2026-04-15,175.63999938964844,179.0,174.0399932861328,178.4600067138672,270050
2026-04-16,172.52999877929688,178.0,168.82000732421875,175.63999938964844,867216
2026-04-17,172.33999633789062,176.75999450683594,171.35000610351562,174.0,1575978
